part_number235	index	yuPriceOpt	mezhPriceOpt	paPriceOpt	riPriceOpt	chPriceOpt
DP-2200-1	0	0	100	0	0	0
DP-2201-1	1	0	200	0	0	0
PC-189	2	0	0	0	0	0
4790POGC8	3	0	0	0	0	0
MO_034012	4	0	0	0	0	0
GZA-00310	5	0	0	0	0	0
BW1414	6	0	0	0	0	0
TR-AIR-11-BK	7	0	0	0	0	0
SGP07632	8	0	0	0	0	0
VGP-CPC1/G	9	0	0	0	0	0
CC-PPVGA-5M	10	0	0	0	0	0
4790POGF7	11	0	0	0	0	0
VE042	12	0	0	0	0	0
4790POGFB	13	0	0	0	0	0
4790POGFO	14	0	0	0	0	0
4790POGFQ	15	0	0	0	0	0
4790POGG9	16	0	0	0	0	0
4790POGGB	17	0	0	0	0	0
110041	18	0	0	0	0	0
110040	19	0	0	0	0	0
SGP07629	20	0	0	0	0	0
MO_034712	21	0	0	0	0	0
SPK-A2817	22	0	0	0	0	0
4790POGH4	23	0	0	0	0	0
4790POGH5	24	0	0	0	0	0
4790POGH6	25	0	0	0	0	0
TS256MSK64V3N	26	0	0	0	0	0
4790POGH8	27	0	0	0	0	0
4790POGH9	28	0	0	0	0	0
4790POGHA	29	0	0	0	0	0
PSD5124003	30	0	0	0	0	0
ANT24-1201	31	0	0	0	0	0
CTT-460-RU	32	0	0	0	0	0
CC-DVI-15	33	0	0	0	0	0
4790POGI0	34	0	0	0	0	0
6518-50	35	0	0	0	0	0
U-350	36	0	0	0	0	0
VEN09	37	0	0	0	0	0
VE143	38	0	0	0	0	0
1182	39	0	0	0	0	0
AP17-001BLK	40	0	0	0	0	0
826736	41	0	0	0	0	0
AP15-003BLK	42	0	0	0	0	0
IPAD2-SEC-LOCK-01	43	0	0	0	0	0
4790POGKI	44	0	0	0	0	0
GC17133	45	0	0	0	0	0
1110GRI47	46	0	0	0	0	0
1110FLA07	47	0	0	0	0	0
1110FOC47	48	0	0	0	0	0
AP18-001YEL	49	0	0	0	0	0
MB130313/04	50	0	0	0	0	0
ML25568	51	0	0	0	0	0
ML25562	52	0	0	0	0	0
ML25565	53	0	0	0	0	0
TS8GJF370	54	0	0	0	0	0
21103T9C	55	0	0	0	0	0
21103T8C	56	0	0	0	0	0
21103T16C	57	0	0	0	0	0
21103T7C	58	0	0	0	0	0
4790POGLW	59	0	0	0	0	0
1110FLA08	60	0	0	0	0	0
VGPCKC4/PI	61	0	0	0	0	0
SW1721	62	0	0	0	0	0
AP15-007WHT	63	0	0	0	0	0
MD592Z/A	64	0	0	0	0	0
1110ANG2	65	0	0	0	0	0
AP18-001PNK	66	0	0	0	0	0
1110ANG1	67	0	0	0	0	0
1150NAF6	68	0	0	0	0	0
F8N675cwC00	69	0	0	0	0	0
G1321	70	0	0	0	0	0
4790POGNZ	71	0	0	0	0	0
INC-IM231	72	0	0	0	0	0
INC-IM235	73	0	0	0	0	0
INC-IM233	74	0	0	0	0	0
DA-70216	75	0	0	0	0	0
M99NWS1	76	0	0	0	0	0
OC533BU	77	0	0	0	0	0
KVR1333D3N9/8G	78	0	0	0	0	0
SGP09602	79	0	0	0	0	0
VNCI215	80	0	0	0	0	0
VD091	81	0	0	0	0	0
OC104TE	82	0	0	0	0	0
PAUCH-FP-IP	83	0	0	0	0	0
4790POGPZ	84	0	0	0	0	0
6241	85	0	0	0	0	0
1150	86	0	0	0	0	0
TR-AIR-13-WH	87	0	0	0	0	0
360903	88	0	0	0	0	0
CPSGP3100-1021	89	0	0	0	0	0
OUVMF5	90	0	0	0	0	0
CT51264BF160B	91	0	0	470	400	0
875419002637	92	0	0	0	0	0
4790POGRG	93	0	0	0	0	0
4790POGRJ	94	0	0	0	0	0
TED22G800C6-S01	95	0	0	0	0	0
CS-200	96	0	0	0	0	0
BW1450	97	0	0	0	0	0
TABU7	98	0	0	0	0	0
19154	99	0	0	0	0	0
4790POGT8	100	0	0	0	0	0
4790POGTR	101	0	0	0	0	0
4790POGTT	102	0	0	0	0	0
99MO054905	103	0	0	0	0	0
OC107SY	104	0	0	0	0	0
FSG1073PI	105	0	0	0	0	0
1120	106	0	0	0	0	0
FSG1103PI	107	0	0	0	0	0
THZ202EU	108	0	0	0	0	0
4790POGVN	109	0	0	0	0	0
4790POGVO	110	0	0	0	0	0
4790POGVY	111	0	0	0	0	0
4790POGVZ	112	0	0	0	0	0
26016	113	0	0	0	0	0
PEBA108	114	0	0	0	0	0
4790POGWE	115	0	0	0	0	0
RH-Z1185B	116	0	0	0	0	0
CC-PPVGAX	117	0	0	0	0	0
PEAX128	118	0	0	0	0	0
ME102A	119	0	0	0	0	0
SGP09633	120	0	0	0	0	0
4790POGXN	121	0	0	0	0	0
4790POGXO	122	0	0	0	0	0
FSI-1095	123	0	0	0	0	0
XT216	124	0	0	0	0	0
H1D25AA	125	0	0	0	0	0
4790POGZY	126	0	0	0	0	0
KVR1333D3S9/8G	127	0	0	1100	0	0
4790POH0I	128	0	0	0	0	0
CEB-7035S	129	0	0	0	0	0
M113UWS1	130	0	0	0	0	0
TS32GJF380S	131	0	0	0	0	0
TS8GJF380S	132	0	0	0	0	0
DK-1511-050/R	133	0	0	0	0	0
MD819ZM/A	134	0	0	0	0	0
10701	135	0	0	0	0	0
PEBC86	136	0	0	0	0	0
PSDC72	137	0	0	0	0	0
PEBC100	138	0	0	0	0	0
PSDC120	139	0	0	0	0	0
MC.JBG11.002	140	0	0	0	0	0
JZ.J7400.002	141	0	0	0	0	0
PEBC120	142	0	0	0	0	0
PEAX106	143	0	0	0	0	0
3222HT	144	0	0	0	0	0
PEAC100	145	0	0	0	0	0
10430112	146	0	0	0	0	0
PEBX128	147	0	0	0	0	0
PEBA135	148	0	0	0	0	0
PEAA108	149	0	0	0	0	0
10430113	150	0	0	0	0	0
PEAC120	151	0	0	0	0	0
V12H002S21	152	0	0	0	0	0
PEBC150	153	0	0	0	0	0
V12H002S26	154	0	0	0	0	0
PEAA135	155	0	0	0	0	0
PEAC150	156	0	0	0	0	0
PSAX139	157	0	0	0	0	0
10200009	158	0	0	0	0	0
PEAA162	159	0	0	0	0	0
10200236	160	0	0	0	0	0
10200208	161	0	0	0	0	0
PEAC180	162	0	0	0	0	0
10200054	163	0	0	0	0	0
PSTA108	164	0	0	0	0	0
PEAC200	165	0	0	0	0	0
10600124	166	0	0	0	0	0
10300074	167	0	0	0	0	0
10102011	168	0	0	0	0	0
10100860	169	0	0	0	0	0
10100087	170	0	0	0	0	0
10101145	171	0	0	0	0	0
10102475	172	0	0	0	0	0
10102104	173	0	0	0	0	0
10100801	174	0	0	0	0	0
10630233	175	0	0	0	0	0
10102106	176	0	0	0	0	0
10630235	177	0	0	0	0	0
10130765	178	0	0	0	0	0
10100338	179	0	0	0	0	0
2150SL	180	0	0	0	0	0
1EVS03	181	0	0	0	0	0
PSDB112	182	0	0	0	0	0
1180	183	0	0	0	0	0
PRB-1	184	0	0	0	0	0
PRB-2	185	0	0	0	0	0
PRB-12	186	0	0	0	0	0
PRB-14	187	0	0	0	0	0
RSMAUW	188	0	0	0	0	0
PRB-2W SILVER	189	0	0	0	0	0
1MVEM2	190	0	0	0	0	0
CL F700 A/S	191	0	0	0	0	0
PRB-2S	192	0	0	0	0	0
3UB 2A14 (White)	193	0	0	0	0	0
3UB 2A14 (Blue)	194	0	0	0	0	0
10200064	195	0	0	0	0	0
40760	196	0	0	0	0	0
R332G1339S1S-UGOBULK	197	0	0	0	0	0
42690	198	0	0	0	0	0
SRM-1103	199	0	0	0	0	0
SGM-1103	200	0	0	0	0	0
SRM-1101	201	0	0	0	0	0
M71XWS1	202	0	0	0	0	0
T85UWS1	203	0	0	0	0	0
SGM-1104	204	0	0	0	0	0
SGM-4303	205	0	0	0	0	0
SRM-1102	206	0	0	0	0	0
SGM-4304	207	0	0	0	0	0
M92UWH	208	0	0	0	0	0
T71NWS1	209	0	0	0	0	0
M113NWS1	210	0	0	0	0	0
SGM-1106	211	0	0	0	0	0
1EVS04	212	0	0	0	0	0
M84NWH	213	0	0	0	0	0
M84NWV	214	0	0	0	0	0
T84UWV1	215	0	0	0	0	0
T85NWS1	216	0	0	0	0	0
T99NWS1	217	0	0	0	0	0
M119XWS1	218	0	0	0	0	0
PSAA90	219	0	0	0	0	0
SGM-4305	220	0	0	0	0	0
M100UWH	221	0	0	0	0	0
M94NWX	222	0	0	0	0	0
M100XWH	223	0	0	0	0	0
PSAC100	224	0	0	0	0	0
T113NWS1	225	0	0	0	0	0
PSAA108	226	0	0	0	0	0
T113UWS1	227	0	0	0	0	0
T92UWH	228	0	0	0	0	0
T119NWS1	229	0	0	0	0	0
M120UWH2	230	0	0	0	0	0
PSBB167	231	0	0	0	0	0
M120XWV2	232	0	0	0	0	0
PSAC120	233	0	0	0	0	0
M100HSR-PRO	234	0	0	0	0	0
M136XWS1	235	0	0	0	0	0
PSBC150	236	0	0	0	0	0
10200063	237	0	0	0	0	0
M120XWH2	238	0	0	0	0	0
T136NWS1	239	0	0	0	0	0
1EVS57	240	0	0	0	0	0
T100UWH	241	0	0	0	0	0
T136UWS1	242	0	0	0	0	0
M128NWX	243	0	0	0	0	0
Electric120V	244	0	0	0	0	0
M135UWH2	245	0	0	0	0	0
M135XWH2	246	0	0	0	0	0
T120UWH	247	0	0	0	0	0
M120HSR-PRO	248	0	0	0	0	0
PSAC150	249	0	0	0	0	0
M135XWV2	250	0	0	0	0	0
PSAA135	251	0	0	0	0	0
M120VSR-PRO	252	0	0	0	0	0
M150XWV2	253	0	0	0	0	0
M150XWH2	254	0	0	0	0	0
ELECTRIC100XH	255	0	0	0	0	0
1EVS58	256	0	0	0	0	0
ELECTRIC100V	257	0	0	0	0	0
M139NWX	258	0	0	0	0	0
10430110	259	0	0	0	0	0
VMAX100XWV2	260	0	0	0	0	0
VMAX84UWH2	261	0	0	0	0	0
VMAX100XWH2	262	0	0	0	0	0
ELECTRIC125XH	263	0	0	0	0	0
Electric128NX	264	0	0	0	0	0
FA-M100WM	265	0	0	0	0	0
FA-M106WM	266	0	0	0	0	0
VMAX106XWH2-E24	267	0	0	0	0	0
FA-M120WM(4:3)	268	0	0	0	0	0
PSAA162	269	0	0	0	0	0
PM120VT	270	0	0	0	0	0
VMAX150XWH2	271	0	0	0	0	0
VMAX135UWH2	272	0	0	0	0	0
PM110HT-E12	273	0	0	0	0	0
VMAX150UWV2	274	0	0	0	0	0
FA-M150WM(4:3)	275	0	0	0	0	0
HOME150IWV2	276	0	0	0	0	0
FA-M150WM(16:9)	277	0	0	0	0	0
PM135VT	278	0	0	0	0	0
10200046	279	0	0	0	0	0
PM144HT	280	0	0	0	0	0
CB-M180WM	281	0	0	0	0	0
PM150VT	282	0	0	0	0	0
10200258	283	0	0	0	0	0
PM165HT	284	0	0	0	0	0
10101097	285	0	0	0	0	0
10600134	286	0	0	0	0	0
SP060GBSS3V55S25	287	0	0	0	0	0
SP120GBSS3S55S25	288	0	0	0	0	0
SP120GBSS3S60S25	289	0	0	0	0	0
SP120GBSS3V55S25	290	0	0	0	0	0
SP240GBSS3S55S25	291	0	0	0	0	0
INTECH M-76	292	0	0	0	0	0
JL-9000E	293	0	0	0	0	0
M-76 Dual user	294	0	0	0	0	0
INTECH RD80A	295	0	0	0	0	0
T84 B(C)-WB	296	0	0	0	0	0
T84 B(IR)-WD	297	0	0	0	0	0
RE80A	298	0	0	0	0	0
T65L(IR)-WD	299	0	0	0	0	0
UB-T580-G	300	0	0	0	0	0
UB-T580W-G	301	0	0	0	0	0
UB-T880-G	302	0	0	0	0	0
PRB-4S SILVER	303	0	0	0	0	0
PRB-4 SILVER	304	0	0	0	0	0
PRB-10 SILVER	305	0	0	0	0	0
PRB-3 SILVER	306	0	0	0	0	0
SGM-4302	307	0	0	0	0	0
Экран мобильный напольный 170*125 SGF-4302	308	0	0	0	0	0
SGT-1103	309	0	0	0	0	0
T100UWV1	310	0	0	0	0	0
T120NWV1	311	0	0	0	0	0
M80NWV	312	0	0	0	0	0
M85XWS1	313	0	0	0	0	0
ELECTRIC84XH	314	0	0	0	0	0
M150UWV2	315	0	0	0	0	0
TS256GSSD370S	316	0	0	0	0	0
TS128GSSD370S	317	0	0	0	0	0
SP240GBSS3V55S25	318	0	0	0	0	0
MJ1M2ZM/A	319	0	0	0	0	0
MB572Z/B	320	0	0	0	0	0
MD862ZM/A	321	0	0	0	0	0
MB571Z/A	322	0	0	0	0	0
MD826ZM/A	323	0	0	0	0	0
MD825ZM/A	324	0	0	0	0	0
WMB-70S	325	0	0	0	0	0
TMB-60S	326	0	0	0	0	0
WMB-100V	327	0	0	0	0	0
TMB-70S	328	0	0	0	0	0
EMS-100V	329	0	0	0	0	0
EMS-70S	330	0	0	0	0	0
R332G1339U2S-UOBULK	331	0	0	0	0	0
CT25664BA160B	332	0	0	0	0	0
R532G1601S1S-UO	333	0	0	0	0	0
CT25664BF160B	334	0	0	0	0	0
R534G1601U1S-UO	335	0	0	0	0	0
R334G1339S1S-UO	336	0	0	0	0	0
CT51264BA160BJ	337	0	0	470	0	0
R534G1601S1SL-UO	338	0	0	0	0	0
TS512MSK64V6H	339	0	0	0	0	0
TS512MSK64W6H	340	0	0	0	0	0
R338G1339U2S-UGOBULK	341	0	0	0	0	0
R538G1601S2SL-UO	342	0	0	0	0	0
R338G1339S2S-UGO	343	0	0	0	0	0
BLS8G3D18ADS3CEU	344	0	0	0	0	0
3UB 2A14 (Red)	345	0	0	0	0	0
SNM-1	346	0	0	0	0	0
SNM-10	347	0	0	0	0	0
SNM-11	348	0	0	0	0	0
SNM-2	349	0	0	0	0	0
SNM-3	350	0	0	0	0	0
SNM-4	351	0	0	0	0	0
SNM-6	352	0	0	0	0	0
SNM-7	353	0	0	0	0	0
SNM-8	354	0	0	0	0	0
SNM-9	355	0	0	0	0	0
SNT-1	356	0	0	0	0	0
SNT-2	357	0	0	0	0	0
SNT-3	358	0	0	0	0	0
SNT-4	359	0	0	0	0	0
KVR800D2N6/2G	360	0	0	240	0	160
KVR800D2N5/2G	361	0	0	0	0	0
F8J023bt04-BLK	362	0	0	0	0	0
KVR16N11/8	363	0	750	850	850	730
CEB-2511-U3	364	0	0	0	0	0
100683	365	0	0	0	0	0
H5TQ2G83BFR-H4C	366	0	0	0	0	0
PSAX106 (16:10)	367	0	0	0	0	0
PSAX139D (16:10)	368	0	0	0	0	0
KVR667D2N5/2G	369	0	200	230	0	0
BLS2C8G3N18AES4CEU	370	0	0	0	0	0
CT25664AC800	371	0	0	0	0	0
CT8G3S1339MCEU	372	0	0	0	0	0
CT8G3S160BMCEU	373	0	0	0	1700	0
KTA-MB1333/8G	374	0	0	0	0	800
KTA-MB1600/8G	375	0	0	0	0	0
KTA-MB800K2/2G	376	0	0	0	0	0
KVR13S9S8/4	377	0	0	500	0	0
KVR16LS11S6/2	378	0	0	0	0	0
KVR16S11/8	379	0	750	850	800	0
KVR800D2S6/1G	380	0	75	130	0	0
KVR800D2S6/2G	381	0	200	200	0	160
R532G1601S1SL-UO	382	0	0	0	0	0
R534G1601S1S-UOBULK	383	0	0	0	0	0
R538G1601S2S-UO	384	0	0	0	0	0
SP512MBSDU400002	385	0	0	0	0	0
TS128MSQ64V8U	386	0	0	0	0	0
TS1GSK64W6H	387	0	0	0	0	0
TS512MSK64V3N	388	0	0	500	400	0
BLE4G3D1869DE1TX0CEU	389	0	0	0	0	0
BLE8G3D1869DE1TX0CEU	390	0	0	0	0	0
BLS2CP8G3D1609DS1S00CEU	391	0	0	0	0	0
BLS4G3D18ADS3CEU	392	0	0	0	0	0
CT102464BA160B	393	0	0	0	850	0
CT102464BD186D	394	0	0	1000	0	0
CT12864AA800	395	0	0	0	0	0
CT25664AA800	396	0	0	200	0	0
CT2K51264BD160BJ	397	0	0	0	0	0
CT2K51264BD186DJ	398	0	0	0	0	0
CT4G4DFS8213	399	0	0	0	0	0
CT51264BD186DJ	400	0	0	0	0	0
CT6464Z40B	401	0	0	0	0	0
CT8G3W186DM	402	0	0	0	0	0
KTA-MP1600S/4G	403	0	0	0	0	0
KVR13N9S6/2	404	0	0	0	0	0
KVR16N11S6/2	405	0	0	0	0	0
KVR21N15D8/8	406	0	0	0	0	0
KVR800D2N6/1G	407	0	0	150	0	0
R538G1601U2S-UOBULK	408	0	0	0	0	0
R744G2133U1S	409	0	0	0	0	0
TS128MLQ64V8U	410	0	0	0	0	0
TS512MLK64V3N	411	0	0	0	0	0
TS512MLK64V6H	412	0	0	0	0	0
TX2400KLN-8GK	413	0	0	0	0	0
CT102472BA160B	414	0	0	0	0	0
CT102472BD160B	415	0	0	0	0	0
CT16G4RFD4213	416	0	0	0	0	0
CT2K16G4RFD4213	417	0	0	0	0	0
CT8G3ERSDS4186D	418	0	0	0	0	0
CT8G4RFS4213	419	0	0	0	0	0
KTH-PL313Q8LV/16G	420	0	0	0	0	0
KTH-PL316ES/4G	421	0	0	0	0	0
KTH-PL316S/8G	422	0	0	0	0	0
KTH-PL316S8/4G	423	0	0	0	0	0
KTH-XW9400K2/16G	424	0	0	0	0	0
KVR13LR9D4/16	425	0	0	0	0	0
KVR16LR11D8/8	426	0	0	0	0	0
KVR16R11D8/8I	427	0	0	0	0	0
KVR18R13S4/8	428	0	0	0	0	0
TS16GJMA334Z	429	0	0	0	0	0
KVR13S9S6/2	430	0	200	200	0	0
KVR16S11S8/4	431	0	0	500	400	0
TS512MSK64V3H	432	0	0	0	0	0
R322G805U2S-UGO	433	0	0	0	0	0
R744G2400U1S	434	0	0	0	0	0
TX2400KLH-16GK	435	0	0	0	0	0
R538G1601S2SL-UOBULK	436	0	0	0	0	0
KVR16R11D4/16KF	437	0	0	0	0	0
TS128MLQ64V8J	438	0	0	0	0	0
CT12864AC800	439	0	0	0	0	0
KVR16LS11/4	440	0	425	470	0	370
AE34G1339H1-UOBULK	441	0	0	0	0	0
BLS2CP4G3D1609DS1S00CEU	442	0	0	0	0	0
BLS8G4D240FSB	443	0	0	0	0	0
BLT2CP8G3D1869DT1TX0CEU	444	0	0	0	0	0
CT2K4G4DFS8213	445	0	0	0	0	0
CT2K8G4DFD8213	446	0	0	0	0	0
CT102472BB160B	447	0	0	0	0	0
KTA-MB1333S/4G	448	0	0	0	0	0
KTA-MB1600L/4G	449	0	0	0	0	0
R534G1601S1SL-U	450	0	0	0	0	0
R534G1601U1S-URETAIL	451	0	0	0	0	0
TS1GLH64V1H	452	0	0	0	0	0
CT51272AF80E	453	0	0	0	0	0
AK-310103-200-E	454	0	0	0	0	0
AK-310100-050-E	455	0	0	0	0	0
AK-310103-100-E	456	0	0	0	0	0
AK-310103-150-E	457	0	0	0	0	0
DS-53420	458	0	0	0	0	0
DS-53450	459	0	0	0	0	0
DS-53440	460	0	0	0	0	0
AK-300310-002-S	461	0	0	0	0	0
AK-300309-002-S	462	0	0	0	0	0
MJ1L2ZM/A	463	0	0	0	0	0
MB570Z/B	464	0	0	0	0	0
KVR16S8/4	465	0	0	0	0	0
AK-320101-050-S	466	0	0	0	0	0
AK-320101-020-S	467	0	0	0	0	0
AK-330114-030-S	468	0	0	0	0	0
AK-330201-030-S	469	0	0	0	0	0
AK-330201-050-S	470	0	0	0	0	0
AK-330400-002-S	471	0	0	0	0	0
AV10000QP1M	472	0	0	0	0	0
F3Y030bf1M	473	0	0	0	0	0
MNS-133224-00	474	0	0	0	0	0
AV10000QP2M	475	0	0	0	0	0
470-12367	476	0	0	0	0	0
AK-330107-100-S	477	0	0	0	0	0
AK-330505-000-S	478	0	0	0	0	0
84473	479	0	0	0	0	0
AK-300200-030-S	480	0	0	0	0	0
AK-300100-018-S	481	0	0	0	0	0
10200005	482	0	0	0	0	0
10600095	483	0	0	0	0	0
10102005	484	0	0	0	0	0
10100060	485	0	0	0	0	0
10102477	486	0	0	0	0	0
10102478	487	0	0	0	0	0
MC.JLC11.002	488	0	0	0	0	0
KVR16LS11/8	489	0	750	850	850	800
TI-4180	490	0	0	0	0	0
F4U042bt	491	0	0	0	0	0
HYMP125U64CP8-S6	492	0	220	200	0	0
38894	493	0	0	0	0	0
M378B5663QZ3-CF7	494	0	200	0	0	0
24249	495	0	0	0	0	0
MC.JBG11.009	496	0	0	0	0	0
3180	497	0	0	0	0	0
PRT3	498	0	0	0	0	0
F8J023bt04-BLU	499	0	0	0	0	0
F8J023bt04-WHT	500	0	0	0	0	0
F8J023bt2M-BLK	501	0	0	0	0	0
F8J023bt3M-WHT	502	0	0	0	0	0
AK-310103-018-E	503	0	0	0	0	0
AK-310100-030-E	504	0	0	0	0	0
F2N028cp1.8M	505	0	0	0	0	0
F2N028cp3M	506	0	0	0	0	0
84506	507	0	0	0	0	0
84510	508	0	0	0	0	0
0B47084	509	0	0	0	0	0
DA-70455	510	0	0	0	0	0
AS615AA	511	0	0	0	0	0
H4F02AA	512	0	0	0	0	0
470-13630	513	0	0	0	0	0
F2CD049b	514	0	0	0	0	0
632730	515	0	0	0	0	0
DK-1531-050	516	0	0	0	0	0
632732	517	0	0	0	0	0
DK-1511-100	518	0	0	0	0	0
DK-1531-100	519	0	0	0	0	0
DK-1531-200	520	0	0	0	0	0
DK-1521-V-305	521	0	0	0	0	0
TS-HUB2K	522	0	0	0	0	0
F5U701cwBLK	523	0	0	0	0	0
VE 066	524	0	0	0	0	0
U-224	525	0	0	0	0	0
205153	526	0	0	0	0	0
CP2102	527	0	0	0	0	0
U-191	528	0	0	0	0	0
U-370	529	0	0	0	0	0
7805	530	0	0	0	0	0
14940	531	0	0	0	0	0
16082	532	0	0	0	0	0
I-390	533	0	0	0	0	0
HDE32	534	0	0	0	0	0
HDC-24	535	0	0	0	0	0
TS0GSJ25S3	536	0	0	0	0	0
TS1GSK64V3H	537	0	0	0	0	0
DT.SYUME.002	538	0	0	0	0	0
DualBoard 79	539	0	0	0	0	0
TouchBoard 78	540	0	0	0	0	0
TouchBoard 88	541	0	0	0	0	0
DA-70156	542	0	0	0	0	0
VEN 24	543	0	0	0	0	0
DA-70139-2	544	0	0	0	0	0
GR800D264L6/4G	545	0	0	0	0	0
GR800S264L6/4G	546	0	0	0	0	0
W-MB413G/A	547	0	0	0	0	0
CAB-PN-USB-LPT	548	0	0	0	0	0
SPC-1	549	0	0	0	0	0
ICSUSB(CP2102)	550	0	0	0	0	0
I-360	551	0	0	0	0	0
HY5QU12822CTP-D43 / HY5DU12822CTP-D43	552	0	0	0	0	0
GN32GB1600C11S	553	0	0	0	0	0
TED32G1600C1101	554	0	0	0	0	0
HYND7AUDR-50M48	555	0	0	0	0	0
GR1333S364L9/2G	556	0	0	0	0	0
GR1600S3V64L11/2G	557	0	0	0	0	0
K4T1G084QF-BCF7 8сh / K4T51083QЕ	558	0	0	0	0	0
GR1600S364L11/2G	559	0	0	0	0	0
KVR16N11/2	560	0	0	0	0	0
SP002GBLTU160V01	561	0	0	0	0	0
KVR1333D3N9/2G	562	0	0	220	0	160
GR1333D364L9S/4G	563	0	0	0	0	0
GR1333S364L9S/4G	564	0	0	0	0	0
GR1600D364L11S/4G	565	0	0	470	0	0
GR1600S3V64L11/4G	566	0	0	470	0	0
GR1600S364L11S/4G	567	0	0	0	0	0
GR1600D3V64L11S/4G	568	0	0	0	0	0
HMT451S6AFR8A-PB	569	0	0	470	380	370
TED3L4G1600C11-S01	570	0	0	0	0	0
GR1333D364L9/8G	571	0	0	0	0	0
GR1600D3V64L11/8G	572	0	0	0	0	0
TS1GLK64V6H	573	0	0	0	0	0
GY1600D364L10/8G	574	0	0	0	0	0
GYB1600D364L10/8G	575	0	0	0	0	0
KVR16LN11/8	576	0	0	0	0	0
H5TQ4G83MFR / H5TQ4G43MFR	577	0	0	0	0	0
HMT41GU6AFR8C-PBN0	578	0	0	0	0	0
TS16GJF330	579	0	0	0	0	0
39854	580	0	0	0	0	0
HB-401 black	581	0	0	0	0	0
HB-401 white	582	0	0	0	0	0
10720	583	0	0	0	0	0
14591	584	0	0	0	0	0
UH-008-RO	585	0	0	0	0	0
UHB-CT09	586	0	0	0	0	0
UHB-CT18	587	0	0	0	0	0
DUB-H7	588	0	0	0	0	0
A-OTG-AFBM-001	589	0	0	0	0	0
1300128	590	0	0	0	0	0
13272	591	0	0	0	0	0
212666	592	0	0	0	0	0
212668	593	0	0	0	0	0
212669	594	0	0	0	0	0
212667	595	0	0	0	0	0
KBO1623	596	0	0	0	0	0
A-DVI-VGA	597	0	0	0	0	0
VA 003	598	0	0	0	0	0
7789	599	0	0	0	0	0
CBL-PVGA-15	600	0	0	0	0	0
15261	601	0	0	0	0	0
7790	602	0	0	0	0	0
9150	603	0	0	0	0	0
PB349-0150	604	0	0	0	0	0
CC-HDMI4-15M	605	0	0	0	0	0
CC-HDMI4-30M	606	0	0	0	0	0
CC-DVI-6C	607	0	0	0	0	0
CC-DVI2-10	608	0	0	0	0	0
CC-DVI2-15	609	0	0	0	0	0
VD 100-10м.	610	0	0	0	0	0
CC-DVI2-10M	611	0	0	0	0	0
CC-HDMI-DVI-0.5M	612	0	0	0	0	0
A-HDMI-DVI-2	613	0	0	0	0	0
CC-HDMI-DVI-6	614	0	0	0	0	0
CC-HDMI-DVI-10	615	0	0	0	0	0
3810	616	0	0	0	0	0
VD 066-3м.	617	0	0	0	0	0
VD 066-2м.	618	0	0	0	0	0
VD 066-5m.	619	0	0	0	0	0
Art.GC 1419	620	0	0	0	0	0
Art.GC 1424	621	0	0	0	0	0
25424	622	0	0	0	0	0
KTT667D2/2G	623	0	0	0	0	0
PSAC250D	624	0	0	0	0	0
10430109	625	0	0	0	0	0
MC.JBG11.00F	626	0	0	0	0	0
MC.JBG11.00E	627	0	0	0	0	0
R532G1601U1S-UOBULK	628	0	0	0	0	0
R332G1339U1S-UOBULK	629	0	0	0	0	0
CT25664BA160BJ	630	0	0	0	0	0
KVR16N11S8/4	631	0	0	470	0	0
KVR13N9S8/4	632	0	0	0	0	0
KTD-L3CL/4G	633	0	0	0	0	0
KTD-XPS730BS/4G	634	0	0	0	0	0
KTL-TC316S/4G	635	0	0	0	0	0
KTH9600CS/4G	636	0	0	0	0	0
KTL-TP3CL/4G	637	0	0	0	0	0
KTD-XPS730CS/4G	638	0	0	0	0	0
CT4G3S160BMCEU	639	0	0	0	0	0
R538G1601S2S-U	640	0	0	0	0	0
CT4G4SFS8213	641	0	0	0	0	0
TS1GSK64V3H	642	0	0	0	0	0
R748G2400U2S	643	0	0	0	0	0
KTD-L3CL/8G	644	0	0	0	0	0
KTH9600C/8G	645	0	0	0	0	0
BLT8G3D1869DT1TX0CEU	646	0	0	0	0	0
KTA-MB1600L/8G	647	0	0	0	0	0
KTL-TP3CL/8G	648	0	0	850	0	0
KVR16E11/8	649	0	0	0	0	0
CT8G4SFD8213	650	0	0	0	0	830
KVR21R15S4/8	651	0	0	0	0	0
KVR16R11D8/8HB	652	0	0	0	0	0
KTL-TC316E/8G	653	0	0	0	0	0
KTD-PE313E/8G	654	0	0	0	0	0
37987	655	0	0	0	0	0
43007	656	0	0	0	0	0
43012	657	0	0	0	0	0
PRM1	658	0	0	0	0	0
PRM2	659	0	0	0	0	0
PRMC2	660	0	0	0	0	0
PRMC3	661	0	0	0	0	0
PRM3	662	0	0	0	0	0
PRTC2	663	0	0	0	0	0
PRT1	664	0	0	0	0	0
SRM-1104	665	0	0	0	0	0
PRTC3	666	0	0	0	0	0
PRTC4	667	0	0	0	0	0
M92XWH	668	0	0	0	0	0
M100NWV1	669	0	0	0	0	0
T99UWS1	670	0	0	0	0	0
PRM4	671	0	0	0	0	0
PRMC4	672	0	0	0	0	0
T120UWV1	673	0	0	0	0	0
PRMC5	674	0	0	0	0	0
M100VSR-PRO	675	0	0	0	0	0
PRM5	676	0	0	0	0	0
ELECTRIC100H	677	0	0	0	0	0
Electric106NX	678	0	0	0	0	0
ELECTRIC125H	679	0	0	0	0	0
SK110NXW-E10	680	0	0	0	0	0
VMAX120XWV2	681	0	0	0	0	0
VMAX150XWV2	682	0	0	0	0	0
VMAX150UWH2	683	0	0	0	0	0
R120WH1-A1080	684	0	0	0	0	0
V12H002S24	685	0	0	0	0	0
VMAX165XWV2	686	0	0	0	0	0
PM144HT-E8	687	0	0	0	0	0
SK150NXW2-E6	688	0	0	0	0	0
SKT150UHW2-E6	689	0	0	0	0	0
VMAX200XWV2	690	0	0	0	0	0
VMAX200XWH2	691	0	0	0	0	0
VV043-25	692	0	0	0	0	0
CCF-USB2-AMBM-6	693	0	0	0	0	0
CT2K4G3S1067M	694	0	0	0	0	0
S65 white	695	0	0	0	0	0
43075	696	0	0	0	0	0
43072	697	0	0	0	0	0
43073	698	3	0	0	0	0
HMT425S6AFR6A-RDN0	699	0	0	0	0	0
HMT451U6AFR8A-PB	700	0	0	470	360	0
H5PS1G83JFR	701	0	0	0	0	0
H5TQ4G83CMR-PBC/ 4G83АFR-PBC/H5TC4G83	702	0	0	0	0	0
KVR16S11S8/4G	703	0	0	0	0	0
KTH-X3CL/4G	704	0	0	0	0	0
CT4G3S1067M	705	0	0	0	400	0
9162	706	0	0	0	0	0
4718	707	0	0	0	0	0
9163	708	0	0	0	0	0
4719	709	0	0	0	0	0
4965	710	0	0	0	0	0
9169	711	0	0	0	0	0
9171	712	0	0	0	0	0
4964	713	0	0	0	0	0
43062	714	0	0	0	0	0
CL-08-1.8m	715	0	0	0	0	0
UAS-DB9M-01	716	0	0	0	0	0
UAS-DB9M-01-S	717	0	0	0	0	0
UAS-DB9M-02	718	0	0	0	0	0
KTA-MP1066K4/16G	719	0	0	0	0	0
CC-PVGAX-10	720	0	0	0	0	0
M471B5173EB0-YK0	721	0	0	470	380	370
317696	722	0	0	0	0	0
ZC332200	723	0	0	0	0	0
DDR2 2Gb ecc	724	0	0	0	0	0
KTA-MB800/2G	725	0	0	0	0	0
CAB-PN-PATCH-5M	726	0	0	0	0	0
43198	727	0	0	0	0	0
TS4GAP1066S	728	0	425	500	0	0
M471B5273DH0-CH9	729	0	0	470	400	440
CAB-PN-PATCH-1M	730	0	0	0	0	0
9159	731	0	0	0	0	0
3037	732	0	0	0	0	0
373708	733	0	0	0	0	0
CC-PPVGA-15M-B	734	0	0	0	0	0
372183	735	0	0	0	0	0
CC-PVGA-10	736	0	0	0	0	0
KVR1333D3S9/4G	737	0	425	470	0	400
Экран моторизированный 208*158 SMM-4301	738	0	0	0	0	0
Экран моторизированный 252*143 SMM-1601	739	0	0	0	0	0
Экран моторизированный 308*228 SMM-4302	740	0	0	0	0	0
Экран моторизированный 368*278 SMM-4303	741	0	0	0	0	0
43330	742	0	0	0	0	0
I028569	743	3	0	0	0	0
BXAS-XS-B0	744	0	0	0	0	0
KVR400X64C3A/1G	745	0	0	213.27	0	0
KVR1333D3S9/2G	746	0	0	0	0	0
HYMP125S64CP8-S6	747	0	200	200	0	160
M470T5663QZ3-CF7	748	0	200	220	0	0
M471B5273BH1-CF8	749	0	425	500	0	400
HL340	750	0	0	0	0	0
ZC332100	751	0	0	0	0	0
PSDC100	752	0	0	0	0	0
PSAC200D	753	0	0	0	0	0
PSAC300D	754	0	0	0	0	0
43359	755	0	0	0	0	0
KBH1645	756	0	0	0	0	0
A-HDMI-VGA-02	757	0	0	0	0	0
MM103	758	0	0	0	0	0
43376	759	0	0	0	0	0
M471B5273CH0-CF8	760	0	425	500	0	450
HMT41GS6AFR8A-PB	761	0	0	850	800	830
SNM-5	762	0	0	0	0	0
SNM-12	763	0	0	0	0	0
2180SL	764	0	0	0	0	0
2201SL	765	0	0	0	0	0
1200	766	0	0	0	0	0
3240	767	0	0	0	0	0
3281PL	768	0	0	0	0	0
216003	769	0	0	0	0	0
PRT11	770	0	0	0	0	0
1EVT03	771	0	0	0	0	0
207100	772	0	0	0	0	0
3V070MMS	773	0	0	0	0	0
3V084MMS	774	0	0	0	0	0
3V100MMV	775	0	0	0	0	0
3V92MMH	776	0	0	0	0	0
3V084MTV	777	0	0	0	0	0
3V070MTS	778	0	0	0	0	0
3V100MEV	779	0	0	0	0	0
3V095MEK	780	0	0	0	0	0
3V120MTV	781	0	0	0	0	0
3V120MEV	782	0	0	0	0	0
3V112MEK	783	0	0	0	0	0
3V106MEH	784	0	0	0	0	0
3V120MEH/3V120XEH	785	0	0	0	0	0
3V150MEV	786	0	0	0	0	0
3V135MEK	787	0	0	0	0	0
3V150XMH/3V150MMH	788	0	0	0	0	0
M109NWX	789	0	0	0	0	0
T119UWS1	790	0	0	0	0	0
M84UWH	791	0	0	0	0	0
VMAX135XWV2	792	0	0	0	0	0
VMAX120XWH2-E24	793	0	0	0	0	0
VMAX150XWH2-E24	794	0	0	0	0	0
VMAX180XWH Plus4	795	0	0	0	0	0
VMAX92XWV2	796	0	0	0	0	0
SK100NXW-E12	797	0	0	0	0	0
SK135NXW-E6	798	0	0	0	0	0
SK235XHW2	799	0	0	0	0	0
Electric106UX	800	0	0	0	0	0
PRB-18F	801	0	0	0	0	0
1MVEM3	802	0	0	0	0	0
PRB-2G	803	0	0	0	0	0
CMS115W	804	0	0	0	0	0
PRB-18M	805	0	0	0	0	0
PB-12W	806	0	0	0	0	0
PB-11W	807	0	0	0	0	0
PRO02	808	0	0	0	0	0
PRO02S	809	0	0	0	0	0
Round 1	810	0	0	0	0	0
PRO300S	811	0	0	0	0	0
PRB-14S	812	0	0	0	0	0
PRO300XL	813	0	0	0	0	0
PRO300L	814	0	0	0	0	0
PRO07	815	0	0	0	0	0
MC.JBG11.003	816	0	0	0	0	0
KITEC030045W	817	0	0	0	0	0
KITEC030045B	818	0	0	0	0	0
KITEC045080B	819	0	0	0	0	0
KITEC080135B	820	0	0	0	0	0
KITMZ006S	821	0	0	0	0	0
PSS-630	822	0	0	0	0	0
207101	823	0	0	0	0	0
213002	824	0	0	0	0	0
213009	825	0	0	0	0	0
206084	826	0	0	0	0	0
213004	827	0	0	0	0	0
206085	828	0	0	0	0	0
116132	829	0	0	0	0	0
116133	830	0	0	0	0	0
116137	831	0	0	0	0	0
10430108	832	0	0	0	0	0
10200259	833	0	0	0	0	0
43379	834	0	0	0	0	0
CC-HDMI4-1M	835	0	0	0	0	0
HMT325S6CFR8C-PB	836	0	0	200	0	160
40727	837	0	0	0	0	0
43400	838	0	0	0	0	0
ZC21302	839	0	0	0	0	0
M378T2863QZS-CE6	840	0	0	0	0	0
HMT351S6BFR8C-H9	841	0	425	470	400	400
M471B1G73QH0-YK0	842	0	750	850	800	750
910-005236	843	0	0	0	0	0
43444	844	0	0	0	0	0
KVR1066D3S7/4G	845	0	425	500	0	450
CBL-PPVGA-10	846	0	0	0	0	0
TS16GJF370	847	0	0	0	0	0
CAB-PN-VGA-VGA-10М	848	0	0	0	0	0
M471B1G73EB0-YK0	849	0	0	850	800	750
TS32GJF350	850	0	0	0	0	0
CBL-PPVGA-30M	851	0	0	0	0	0
CAB-PN-VGA-VGA-20М	852	0	0	0	0	0
16229	853	0	0	0	0	0
VM 017-7m.	854	0	0	0	0	0
USB-SERIAL-2	855	0	0	0	0	0
CAB-PN-USB-COM	856	0	0	0	0	0
HDS9001-SS	857	0	0	0	0	0
MT8JSF12864HZ-1G1F1	858	0	0	0	0	0
GR1600S3V64L11/8G	859	0	0	850	0	0
GS48GB2133C15SC	860	0	0	0	0	0
43498	861	0	0	0	0	0
PSD34G1600L81S	862	0	0	0	0	0
TS512MSK64W6H	863	0	0	0	0	0
43504	864	0	0	0	0	0
PSD38G1600L2S	865	0	0	0	0	0
US155	866	0	0	0	0	0
CC-PPVGA-20M-B	867	0	0	0	0	0
AM030A01-P1	868	0	0	0	0	0
RC-006i	869	0	0	0	0	0
CC-PPVGAX-5M	870	0	0	0	0	0
CC-PPVGA-5M-B	871	0	0	0	0	0
CC-PPVGA-10-B	872	0	0	0	0	0
CC-PPVGA-10M-B	873	0	0	0	0	0
CC-PPVGA-20m	874	0	0	0	0	0
CC-PPVGA-30M-B	875	0	0	0	0	0
352437	876	0	0	0	0	0
CBL-PPVGA-5M	877	0	0	0	0	0
372190	878	0	0	0	0	0
373715	879	0	0	0	0	0
KVR21S15D8/8	880	0	0	950	0	0
KTA-MB800K2/2G	881	0	0	0	0	0
CL2530	882	0	0	0	0	0
ZC376300	883	0	0	0	0	0
43567	884	0	0	0	0	0
CC-PPVGAX-10M-B	885	0	0	0	0	0
CAB-PN-PATCH-3M	886	0	0	0	0	0
M470T2864QZ3-CF7	887	0	0	0	0	0
KVR800D2S6/1G	888	0	75	130	0	0
43568	889	0	225	0	0	0
M378B5173EB0-CK0	890	0	0	0	360	0
40646	891	0	0	0	0	0
HYMP512U64CP8-S5	892	0	0	0	0	0
M471B5673FH0-CF8	893	0	0	200	150	140
CC-PPVGA-6B	894	0	0	0	0	0
TS16GJF700	895	0	0	0	0	0
HMT425S6AFR6A-PB	896	0	0	0	0	0
AYC-VH01	897	0	0	0	0	0
PT-H70X70WP5(SB)	898	0	0	0	0	0
PT-H60X60WP5(SB)	899	0	0	0	0	0
PT-H100(4:3) WP5(SB)	900	0	0	0	0	0
CB-P72(4:3)WM5(SSW)	901	0	0	0	0	0
CB-P84(4:3)WM5(SSW)	902	0	0	0	0	0
CB-P77(16:9)WM5(SSW)	903	0	0	0	0	0
CB-P100(4:3)WM5(SSW)	904	0	0	0	0	0
CB-P92(16:9)WM5(SSW)	905	0	0	0	0	0
CB-P100(16:9)WM5(SSW)	906	0	0	0	0	0
CB-P106(16:9)WM5(SSW)	907	0	0	0	0	0
CB-P120(4:3)WM5(SSW)	908	0	0	0	0	0
CB-P133(4:3)WM5(SSW)	909	0	0	0	0	0
CB-P120(16:9)WM5(SSW)	910	0	0	0	0	0
CB-P133(16:9)WM5(SSW)	911	0	0	0	0	0
CB-P150(4:3)WM5(SSW)	912	0	0	0	0	0
CB-MI84(4:3)WM5	913	0	0	0	0	0
CB-MI77(16:9)WM5	914	0	0	0	0	0
CB-MI82(16:10)WM5	915	0	0	0	0	0
CB-MI100(4:3)WM5	916	0	0	0	0	0
CB-MI94(16:10)WM5	917	0	0	0	0	0
CB-MI92(16:9)WM5	918	0	0	0	0	0
CB-MI103(16:10)WM5	919	0	0	0	0	0
CB-MI100(16:9)WM5	920	0	0	0	0	0
CB-MI120(4:3)WM5	921	0	0	0	0	0
CB-MI106(16:9)WM5	922	0	0	0	0	0
CB-MI109(16:10)WM5	923	0	0	0	0	0
CB-MI113(16:10)WM5	924	0	0	0	0	0
CB-MI150(4:3)WM5	925	0	0	0	0	0
CB-MI120(16:9)WM5	926	0	0	0	0	0
CB-MI123(16:10)WM5	927	0	0	0	0	0
CB-MI133(16:9)WM5	928	0	0	0	0	0
CB-MI130(16:10)WM5	929	0	0	0	0	0
CB-MI137(16:10)WM5	930	0	0	0	0	0
CB-MI180(4:3)WM5	931	0	0	0	0	0
CB-MI150(16:9)WM5	932	0	0	0	0	0
CB-MI150(16:10)WM5	933	0	0	0	0	0
CB-MI165(16:9)WM5	934	0	0	0	0	0
CB-MI180(16:9)WM5	935	0	0	0	0	0
CB-M220(4:3)WM9	936	0	0	0	0	0
CB-MI200(16:10)WM5	937	0	0	0	0	0
AS08GFA60CATBGJ	938	0	0	850	0	0
PSD32G1600L81S	939	0	0	0	0	0
GR1600S3V64L11N/2G	940	0	0	0	0	0
PSD22G8002S	941	0	0	0	0	0
TS256MSK64W6X	942	0	0	0	0	0
GS32GB1600C11S	943	0	0	0	0	0
HMA451S6AFR8N-TF	944	0	0	520	450	430
M471A5143SB0-CPB00	945	0	0	0	0	0
F2-6400CL5S-2GBSQ	946	0	0	0	0	0
GR800S264L6/2G / GR800S264L5/2G	947	0	0	0	0	0
JM800QSU-2G	948	0	0	0	0	0
TMD3L4G1600HC11-S01	949	0	0	0	0	0
TED34G1600C11-S01 / TED34GM1600C11-S01	950	0	0	0	0	0
GR2133S464L15S/4G	951	0	0	500	0	0
JM1600KSH-4G	952	0	0	0	0	0
SP004GBSTU133N02	953	0	0	0	0	0
SP004GBSTU160N02	954	0	0	0	0	0
KVR16LS11/4BK	955	0	0	0	0	0
KVR21S15S8/4	956	0	580	520	0	0
W-AMM16004G	957	0	0	0	0	0
CT4G4SFS824A	958	0	0	0	0	0
FA-6400CL5S-2GBSQ	959	0	0	0	0	0
KCP316SS8/4	960	0	0	545.2	0	0
KCP3L16SS8/4	961	0	0	0	0	0
M471A1G43EB1-CPB	962	0	0	950	900	880
GR1600S364L11/8G	963	0	0	0	0	0
GR1333S364L9/8G	964	0	0	1050	0	0
GS38GB1600C11S	965	0	0	0	0	0
TED38G1600C11-S01	966	0	0	0	0	0
F4-2133C15S-8GRS	967	0	0	0	0	0
HMT41GS6BFR8A-PB	968	0	750	850	800	750
TED3L8G1600C11DC-S01	969	0	0	0	0	0
TS1GSK64V6H	970	0	0	0	0	0
FA-6400CL5D-4GBSQ	971	0	0	0	0	0
CT102464BF160B	972	0	0	850	800	0
SP008GBSTU133N02	973	0	0	0	0	0
KVR21S15S8/8	974	0	900	950	0	800
CT8G3S186DM	975	0	0	0	0	0
HX316LS9IBK2/8	976	0	0	0	0	0
KCP3L16SD8/8	977	0	0	850	0	0
KCP421SS8/8	978	0	0	0	0	0
KCP316SD8/8	979	0	850	850	800	0
KCP313SD8/8	980	0	0	0	0	0
PSD416G21332S	981	0	0	0	0	0
F4-2133C15S-16GRS	982	0	0	0	0	0
TED316G1600C11DC-S01	983	0	0	0	0	0
TED416G2400C16-S01	984	0	0	0	0	0
TND3L8G2133HC11DC-S01	985	0	0	0	0	0
KCP421SD8/16	986	0	0	0	0	0
P1N55AA	987	0	0	0	0	0
TED432G2400C16DC-S01	988	0	0	0	0	0
CT204864BF160B	989	0	0	0	0	0
AS01GE800C6NBGC	990	0	0	0	0	0
E30801S	991	0	0	0	0	0
E20812S	992	0	0	0	0	0
AS02GE800C6NBGC	993	0	0	0	0	0
78.B2GF0.4000B	994	0	0	0	0	0
E30211S	995	0	0	0	0	0
78.B2GF0.AF00B	996	0	0	0	0	0
AS04GFA60CATBGJ	997	0	0	0	0	0
AS08GFA60CATBGC	998	0	0	0	0	0
E30148A	999	0	0	0	0	0
E30804S	1000	0	0	974	0	0
E30212S	1001	0	0	0	0	0
AS08GFA33C9TBGC	1002	0	0	0	0	0
E30214S	1003	0	0	0	0	0
H6Y77AA	1004	0	0	0	0	0
AS16GGB24CEYBGC	1005	0	0	0	0	0
CMPR-2	1006	0	0	0	0	0
PB-14B	1007	0	0	0	0	0
PB-14W	1008	0	0	0	0	0
CMS009W	1009	0	0	0	0	0
PRB-11 Black	1010	0	0	0	0	0
PB-15W	1011	0	0	0	0	0
PB-15B	1012	0	0	0	0	0
PRB-144L	1013	0	0	0	0	0
CMPR-3	1014	0	0	0	0	0
352444	1015	0	0	0	0	0
V-PVGA-6	1016	0	0	0	0	0
PL2303	1017	0	0	0	0	0
VM 015-3м.	1018	0	0	0	0	0
GC 1309	1019	0	0	0	0	0
V-HDMI4-0.5M	1020	0	0	0	0	0
DT100G3/16GB	1021	0	0	0	0	0
MT16JSF25664HZ-1G1F1	1022	0	0	200	150	0
KBT000816	1023	0	0	0	0	0
M471B5173DB0-YK0	1024	0	0	470	380	370
M471B5273DH0-CK0	1025	0	425	470	400	400
MD110	1026	0	0	0	0	0
MD107	1027	0	0	0	0	0
525471	1028	0	0	0	0	0
A-mDPF-DPM-001-W	1029	0	0	0	0	0
A-mDPM-VGAF-02	1030	0	0	0	0	0
84508	1031	0	0	0	0	0
AK-340305-010-W	1032	0	0	0	0	0
MP350	1033	0	0	0	0	0
KBD1668	1034	0	0	0	0	0
AK-340404-001-W	1035	0	0	0	0	0
AK-340305-030-W	1036	0	0	0	0	0
MP351	1037	0	0	0	0	0
AK-340509-002-W	1038	0	0	0	0	0
AK-340407-001-W	1039	0	0	0	0	0
MP417	1040	0	0	0	0	0
526421	1041	0	0	0	0	0
F2CD029bt	1042	0	0	0	0	0
UCO2-0080KWR11	1043	0	0	0	0	0
DTIG4/32GB	1044	0	0	0	0	0
HMT351S6CFR8C-PB	1045	0	0	470	400	400
ESBC72	1046	0	0	0	0	0
ESBB96	1047	0	0	0	0	0
ESDC86	1048	0	0	0	0	0
ESDC100	1049	0	0	0	0	0
ESDB135	1050	0	0	0	0	0
ESAC86	1051	0	0	0	0	0
ESAA90	1052	0	0	0	0	0
ESAA100	1053	0	0	0	0	0
ESAA120	1054	0	0	0	0	0
ESAA150	1055	0	0	0	0	0
mt16jsf51264hz-1g4d1	1056	0	0	470	0	0
EBJ41UF8BDU5-GN-F	1057	0	0	0	0	0
HMT351S6EFR8A-PB	1058	0	0	470	400	400
CC-HDMI4L-1M	1059	0	0	0	0	0
CC-HDMI4L-6	1060	0	0	0	0	0
SKU015225	1061	0	0	0	0	0
SKU015028	1062	0	0	0	0	0
43712	1063	0	0	0	0	0
KVR16S11/4	1064	0	425	470	0	400
31119	1065	0	0	0	0	0
M378T5663EH3-CF7	1066	0	200	242.46	0	160
R534G1601S1S-U	1067	0	0	0	0	0
HMT451S6BFR8A-PB	1068	0	0	470	380	370
PSD38G16002S	1069	0	0	0	0	0
TED3L8G1600C11-S01	1070	0	0	0	0	0
PV38G160LC9S	1071	0	0	0	0	0
CT2K8G3S160BM	1072	0	0	0	0	0
34469	1073	0	0	0	0	0
FT232RL	1074	0	0	0	0	0
43749	1075	0	0	0	0	0
DK-1511-020	1076	0	0	0	0	0
DK-1511-050/B	1077	0	0	0	0	0
KBT001740	1078	0	0	0	0	0
Art.GC 1308	1079	0	0	0	0	0
KVR1333D3N9/4G	1080	0	425	470	0	400
43744	1081	0	0	0	0	0
HP16D3LS1KBG/4G	1082	0	0	0	0	0
KVR1333D3N9/4G/AMD	1083	0	275	0	0	0
MT16HTF25664HY-800E1	1084	0	0	0	0	0
HYMP125S64CP8-Y5	1085	0	0	0	0	0
M471B5173QH0-YK0	1086	0	0	470	380	370
43811	1087	0	0	0	0	0
43816	1088	0	0	0	0	0
SSDPR-CX300-120	1089	0	0	0	0	0
M471B1G73DB0-YK0	1090	0	0	850	800	750
HMT325S6BFR8C-H9	1091	0	0	200	150	150
CCA-458-5M	1092	0	0	0	0	0
Art.GC 1828	1093	0	0	0	0	0
10710	1094	0	0	0	0	0
Art.GC 1814	1095	0	0	0	0	0
13275	1096	0	0	0	0	0
10713	1097	0	0	0	0	0
PROV7101	1098	0	0	0	0	0
PROV7102	1099	0	0	0	0	0
ZC851200	1100	0	0	0	0	0
CT-PRB-1	1101	0	0	0	0	0
43769	1102	0	0	0	0	0
43832	1103	0	0	0	0	0
41928	1104	0	0	0	0	0
43834	1105	0	0	0	0	0
43833	1106	0	0	0	0	0
CT-PRB-1S	1107	0	0	0	0	0
CT-PRB-4L	1108	0	0	0	0	0
CT-PRB-8M	1109	0	0	0	0	0
Q117230	1110	0	0	0	0	0
JM800QLU-2G	1111	0	200	250	0	0
43848	1112	0	0	0	0	0
43847	1113	0	0	0	0	0
TSR021	1114	0	0	0	0	0
43851	1115	0	0	0	0	0
43838	1116	0	0	0	0	0
43852	1117	0	0	0	0	0
16852	1118	0	0	0	0	0
CC-DP-HDMI-1M	1119	0	0	0	0	0
VE 557	1120	0	0	0	0	0
AK-340103-020-S	1121	0	0	0	0	0
A-DPM-DVIF-002-W	1122	0	0	0	0	0
CC-DP-HDMI-6	1123	0	0	0	0	0
A-DPM-HDMIF-002-W	1124	0	0	0	0	0
CC-DP-HDMI-3M	1125	0	0	0	0	0
Art.GC 1446	1126	0	0	0	0	0
AK-340409-001-S	1127	0	0	0	0	0
16851	1128	0	0	0	0	0
KD00AS1236	1129	0	0	0	0	0
KD00AS1237	1130	0	0	0	0	0
KD00AS1277	1131	0	0	0	0	0
KD00AS1278	1132	0	0	0	0	0
DB-340403-001-S	1133	0	0	0	0	0
KBD1669	1134	0	0	0	0	0
470-ACFC	1135	0	0	0	0	0
AK-340102-010-W	1136	0	0	0	0	0
A-mDPM-DPF-001-W	1137	0	0	0	0	0
AK-340102-020-W	1138	0	0	0	0	0
A-mDPF-HDMIM-001-W	1139	0	0	0	0	0
A-mDPM-VGAF-01	1140	0	0	0	0	0
VDP 02	1141	0	0	0	0	0
KD00AS1238	1142	0	0	0	0	0
AK-340406-001-W	1143	0	0	0	0	0
470-13627	1144	0	0	0	0	0
KD00AS1281	1145	0	0	0	0	0
KBD1677	1146	0	0	0	0	0
470-13629	1147	0	0	0	0	0
470-13628	1148	0	0	0	0	0
CAB-PN-HDMI-1.3-45	1149	0	0	0	0	0
M471B2873FHS-CF8	1150	0	0	0	0	0
43891	1151	0	0	0	0	0
SSDPR-CL100-120	1152	0	0	0	0	0
EL123500004	1153	0	0	0	0	0
U-AMM-6	1154	0	0	0	0	0
V-VGA-6	1155	0	0	0	0	0
43899	1156	0	0	0	0	0
iPD203	1157	0	0	0	0	0
55010CH	1158	0	0	0	0	0
11209	1159	0	0	0	0	0
VA 004	1160	0	0	0	0	0
KBD1676	1161	0	0	0	0	0
43908	1162	0	0	0	0	0
PS-3-10	1163	0	0	0	0	0
PS-3-15	1164	0	0	0	0	0
EL122300002	1165	0	0	0	0	0
EL122500002	1166	0	0	0	0	0
Elongator 3G- 5M	1167	0	0	0	0	0
LA-UAFM-OTG black	1168	0	0	0	0	0
TS4GJF370	1169	0	0	0	0	0
KVR16N11/4G	1170	0	0	470	0	0
GC 1302	1171	0	0	0	0	0
13274	1172	0	0	0	0	0
9153	1173	0	0	0	0	0
43928	1174	0	0	0	0	0
TSR022	1175	0	0	0	0	0
CT8G4DFS824A	1176	0	0	0	0	0
43933	1177	0	0	0	0	0
M471B1G73DM0-YK0	1178	0	0	0	0	0
43935	1179	0	0	0	0	0
M471B1G73QHO-YK0	1180	0	0	0	0	0
43943	1181	0	0	0	0	0
CB-MP84(4:3)WM5	1182	0	0	0	0	0
CB-MP94(16:10)WM5	1183	0	0	0	0	0
CB-MP103(16:10)WM5	1184	0	0	0	0	0
CB-MP92(16:9)WM5	1185	0	0	0	0	0
CB-MP100(16:9)WM5	1186	0	0	0	0	0
CB-MP120(4:3)WM5	1187	0	0	0	0	0
CB-MP106(16:9)WM5	1188	0	0	0	0	0
CB-MP109(16:10)WM5	1189	0	0	0	0	0
CB-MP113(16:10)WM5	1190	0	0	0	0	0
CB-MP150(4:3)WM5	1191	0	0	0	0	0
CB-MP133(16:9)WM5	1192	0	0	0	0	0
CB-MP130(16:10)WM5	1193	0	0	0	0	0
CB-MP137(16:10)WM5	1194	0	0	0	0	0
CB-MP180(4:3)WM5	1195	0	0	0	0	0
CB-MP150(16:9)WM5	1196	0	0	0	0	0
CB-MP150(16:10)WM5	1197	0	0	0	0	0
CB-MP189(16:10)WM5	1198	0	0	0	0	0
CB-MP165(16:9)WM5	1199	0	0	0	0	0
CB-MP164(16:10)WM5	1200	0	0	0	0	0
CB-MP180(16:9)WM5	1201	0	0	0	0	0
CB-MP200(4:3)WM5	1202	0	0	0	0	0
CB-MP200(16:9)WM5	1203	0	0	0	0	0
CB-MP200(16:10)WM5	1204	0	0	0	0	0
43951	1205	0	0	0	0	0
KVR800D2N6/4G	1206	0	0	0	0	0
KVR800D2S6/4G	1207	0	1275	0	0	0
KVR667D2S5/2G	1208	0	200	250	0	0
CC-HDMI-DVI-7.5MC	1209	0	0	0	0	0
EL123500013	1210	0	0	0	0	0
V-VGA-10	1211	0	0	0	0	0
V-HDMI4-1M	1212	0	0	0	0	0
T84 B(IR)-JL	1213	0	0	0	0	0
GR1333S364L9/4G	1214	0	0	0	0	0
9166	1215	0	0	0	0	0
M378T5663QZ3-CF7	1216	0	200	240	0	0
VS2GSDS667D2	1217	0	0	0	0	0
XLQ61228702	1218	0	0	0	0	0
43974	1219	0	0	0	0	0
CM2X2048-6400C5	1220	0	0	0	0	0
HMT351U6BFR8C-H9	1221	0	0	470	360	350
M471B1G73BH0-CK0	1222	0	0	850	800	800
GS34GB1600C11S	1223	0	0	0	0	0
PSD34G1600L2S	1224	0	0	0	0	0
GGS38GB1333C9S	1225	0	0	0	0	0
TED44G2400C16-S01	1226	0	0	0	0	0
KVR24S17S8/4	1227	0	580	530	0	0
M471A1G43DB0-CPB	1228	0	0	1000	900	880
TED48G2400C16-S01	1229	0	0	950	0	0
F4-2400C16S-8GRS	1230	0	0	0	0	0
CT8G4SFS824A	1231	0	0	1000	0	0
E30213S	1232	0	0	470	0	0
E30802S	1233	0	0	0	0	0
E30170A	1234	0	0	0	0	0
E40421S	1235	0	0	0	0	0
E40821S	1236	0	0	950	0	0
43994	1237	0	0	0	0	0
LA90PS1-00	1238	0	0	0	0	0
44005	1239	0	0	0	0	0
CAB-PN-HDMI-1.4-30	1240	0	0	0	0	0
CCA-458-2.5м	1241	0	0	0	0	0
44009	1242	0	0	0	0	0
HMT325U6CFR8C-H9	1243	0	0	200	0	160
44010	1244	0	0	0	0	0
KHX1333C9D3B1K2/8G	1245	0	0	0	0	0
TC51800	1246	0	0	0	0	0
44019	1247	0	0	0	0	0
KVR1333D3N9/2G/AMD	1248	0	0	0	0	0
M471B5273CM0-CH9	1249	0	0	0	0	0
HMT351U6CFR8C-PB	1250	0	0	470	360	0
HMT351S6CFR8C-H9	1251	0	0	470	400	400
HMT351S6CFR8A-PB	1252	0	0	470	400	420
KHX1600C9D3B1K2/8GX	1253	0	0	0	0	0
RCA02-1.8	1254	0	0	0	0	0
01300131	1255	0	0	0	0	0
01300133	1256	0	0	0	0	0
VGA03-15.0	1257	0	0	0	0	0
HP536727-H41-ELD	1258	0	0	0	0	0
CML8GX3M2A1600C9	1259	0	0	0	0	0
KTL-TP3B/4G	1260	0	0	470	400	0
KVR667D2N5K2/4G	1261	0	0	0	0	0
KVR800D2N5K2/4G	1262	0	0	0	0	0
HMT451S6MFR8C-PB	1263	0	0	536	0	420
LU102	1264	0	0	0	0	0
HX421C14FB/4	1265	0	0	0	0	0
KVR21N15S8/4	1266	0	0	500	0	0
HX316C10F/4	1267	0	0	700	0	420
M471B5273DH0-YK0	1268	0	425	470	400	370
HX316LS9IBK2/16	1269	0	0	0	0	0
HX318LS11IBK2/16	1270	0	0	0	0	0
KVR16S11S6/2	1271	0	0	0	0	0
PSD34G133381S	1272	0	0	0	0	0
JM1333KSN-4G	1273	0	0	0	0	0
PSD34G160081S	1274	0	0	0	0	0
F3-1600C9S-4GSL	1275	0	0	0	0	0
HX318LS11IB/8	1276	0	0	0	0	0
HX421S13IB/16	1277	0	0	0	0	0
HX421S13IBK2/16	1278	0	0	0	0	0
KVR24S17D8/16	1279	0	0	2200	0	1700
TS512MSH64V1H	1280	0	0	0	450	0
PSD44G240081S	1281	0	0	0	0	0
M471A5143EB1-CRC	1282	0	0	0	0	0
M471A5244CB0-CRC	1283	0	0	525	500	480
PV48G240C5S	1284	0	0	0	0	0
F4-3000C16S-16GRS	1285	0	0	0	0	0
E20811S	1286	0	0	0	0	0
AS16GGB13CDYBGH	1287	0	0	0	0	0
AS08GGB24CEYBGH	1288	0	0	0	0	0
M378T2953EZ3-CE6	1289	0	0	0	0	0
HYMP125S64CP8-S6	1290	0	200	200	0	160
M470T5663RZ3-CF7	1291	0	0	0	0	0
M378B5773CH0-CH9	1292	0	0	200	0	160
AM1U16BC4P2-B19H	1293	0	0	0	0	0
AO1L16BC4R1-BQ7S	1294	0	0	0	0	0
2139U3	1295	0	0	0	0	0
EE2-U2S-5	1296	0	0	0	0	0
CT525MX300SSD1	1297	0	0	0	0	0
KTH-ZD8000B/2G	1298	0	0	0	0	0
ZC28001	1299	0	0	0	0	0
CT-PRB-2	1300	0	0	0	0	0
R3-800	1301	0	0	0	0	0
R5-800L	1302	0	0	0	0	0
16988	1303	0	0	0	0	0
R744G2133S1S-UO	1304	0	0	0	0	0
MTA8ATF1G64HZ-2G3B1	1305	0	0	1100	950	0
M471B5273CH0-CH9	1306	0	0	470	0	420
R0004732	1307	0	0	0	0	0
A-HDMI-FC	1308	0	0	0	0	0
KD00AS1520	1309	0	0	0	0	0
CC-HDMI4C-6	1310	0	0	0	0	0
R0004733	1311	0	0	0	0	0
KD00AS1193	1312	0	0	0	0	0
VD 090-1.8м.	1313	0	0	0	0	0
Art.GC 1441	1314	0	0	0	0	0
KD00AS1192	1315	0	0	0	0	0
CC-HDMI4C-10	1316	0	0	0	0	0
CC-HDMICC-6	1317	0	0	0	0	0
304955	1318	0	0	0	0	0
KD00AS1514	1319	0	0	0	0	0
KBH1601	1320	0	0	0	0	0
CC-HDMI4C-15	1321	0	0	0	0	0
KBH1606	1322	0	0	0	0	0
F3Y042bt	1323	0	0	0	0	0
KD00AS1246	1324	0	0	0	0	0
KD00AS1273	1325	0	0	0	0	0
BVL1502	1326	0	0	0	0	0
6154	1327	0	0	0	0	0
A-HDMI-FDML	1328	0	0	0	0	0
A-HDMI-FD	1329	0	0	0	0	0
HDMIAF02	1330	0	0	0	0	0
15267	1331	0	0	0	0	0
KD00AS1241	1332	0	0	0	0	0
CC-HDMID-6	1333	0	0	0	0	0
KD00AS1242	1334	0	0	0	0	0
VD 058 1.8м.	1335	0	0	0	0	0
324427	1336	0	0	0	0	0
CC-HDMID-15	1337	0	0	0	0	0
KBD1678	1338	0	0	0	0	0
F3Y043bf	1339	0	0	0	0	0
KD00AS1245	1340	0	0	0	0	0
KD00AS1274	1341	0	0	0	0	0
15269	1342	0	0	0	0	0
01300132	1343	0	0	0	0	0
CC-HDMI4F-6	1344	0	0	0	0	0
MT8KTF51264HZ-1G6E1	1345	0	0	470	400	0
HMT451S6MFR8A-PB	1346	0	0	0	0	0
SP008GBLTU133N02	1347	0	0	0	0	0
VGA03-5.0	1348	0	0	0	0	0
M471B5273DM0-CH9	1349	0	425	470	0	450
3.5STM2RCAM01-1.5	1350	0	0	0	0	0
GPCM-B200	1351	0	0	0	0	0
PRB-15 S	1352	0	0	0	0	0
PRB-16-04F	1353	0	0	0	0	0
V12H003P14	1354	0	0	0	0	0
TS-8	1355	0	0	0	0	0
KNWMX1-ETF	1356	0	0	0	0	0
NT4GC64B8HG0NS-CG	1357	0	0	470	400	0
M470T5663QZ3-CE6	1358	0	200	250	0	0
44180	1359	0	0	0	0	0
CC-HDMI4L-10	1360	0	0	0	0	0
3792	1361	0	0	0	0	0
MT16JTF25664AZ-1G4F1	1362	0	0	0	0	0
M378B5273CH0-CK0	1363	0	0	470	360	370
TS120GSSD220S	1364	0	0	0	0	0
10712	1365	0	0	0	0	0
EBJ40UG8BBU0-GN-F	1366	0	0	500	0	0
ASU1333S9-4G-ECEWG	1367	0	0	0	0	0
HMT325U6BFR8C-H9	1368	0	0	200	0	160
HMT325U6EFR8C-PB	1369	0	0	0	0	0
M378B5773DH0-CH9	1370	0	0	203.93	0	160
M471B5773DH0-CH9	1371	0	0	180	0	150
ASU1600S11-4G-EDEG	1372	0	0	0	0	0
M378B5673GB0-CH9	1373	0	0	0	0	0
EBJ81UG8BBU0-GN-F	1374	0	0	850	0	0
44235	1375	0	0	0	0	0
44145	1376	0	0	0	0	0
UC12-21111	1377	0	0	0	0	0
44241	1378	0	0	0	0	0
M471B5773CHS-CH9	1379	0	0	200	150	150
M378B5273DH0-CH9	1380	0	0	470	360	350
44246	1381	0	0	0	0	0
44251	1382	0	0	0	0	0
M471A5143EB0-CPB	1383	0	0	550	450	450
7438	1384	0	0	0	0	0
9055	1385	0	0	0	0	0
6970	1386	0	0	0	0	0
9056	1387	2.5	0	0	0	0
9057	1388	0	0	0	0	0
10046	1389	0	0	0	0	0
44252	1390	0	0	0	0	0
05232	1391	0	0	0	0	0
KV-FJ1502A	1392	0	0	0	0	0
SA400S37/120G	1393	0	0	0	0	0
SA400S37/240G	1394	0	0	0	0	0
HMT125S6BFR8C-H9	1395	0	0	200	0	0
HMT125S6TFR8C-H9	1396	0	0	200	0	160
M471B5673FH0-CH9	1397	0	0	200	150	150
CT51264BF186DJ	1398	0	0	0	800	0
KMJ000007	1399	0	0	0	0	0
147095	1400	0	0	0	0	0
44272	1401	0	0	0	0	0
44295	1402	0	0	0	0	0
T2535T120G0C101	1403	0	0	0	0	0
M471A5143DB0-CPB	1404	0	0	500	450	430
HMA41GS6AFR8N-TF	1405	0	0	950	900	880
40360	1406	0	0	0	0	0
3808	1407	0	0	0	0	0
HMT125U6BFR8C-H9	1408	0	0	0	0	0
M470T5267AZ3-CF7	1409	0	0	0	0	0
M378B5673EH1-CH9	1410	0	0	200	0	160
HYMP112S64CR6-S6	1411	0	0	99	0	0
MT8JSF25664HZ-1G1D1	1412	0	0	0	150	0
TMKS4G56AHFHA	1413	0	0	0	0	0
F3-10600CL9D-16GBSQ	1414	0	0	0	0	0
NT4GC64B8HG0NS-DI	1415	0	0	470	360	0
AMD16N11/8	1416	0	600	749.8	0	0
ESBB84(1:1)	1417	0	0	0	0	0
ESDB118	1418	0	0	0	0	0
0306	1419	0	0	0	0	0
44328	1420	0	0	0	0	0
07416	1421	0	0	0	0	0
44327	1422	0	0	0	0	0
06637	1423	9.5	0	0	0	0
M471B5273CH0-CK0	1424	0	0	470	400	420
M391B5273DH0-YH9	1425	0	0	0	0	0
M378B5173QH0-CK0	1426	0	0	470	360	370
M378B5173DB0-CK0	1427	0	0	470	360	370
HMT351S6AFR8C-H9	1428	0	0	0	0	0
M471b5673eh1-cf8	1429	0	0	200	0	0
M378B5273CH0-CH9	1430	0	0	470	360	400
M471B5173BH0-CK0	1431	0	0	470	0	420
M471B5773DH0-CK0	1432	0	0	244.83	0	160
44348	1433	0	0	0	0	0
44347	1434	0	0	0	0	0
M470T5663EH3-CF7	1435	0	0	200	0	160
M470T5663RZ3-CE6	1436	0	200	250	0	0
44368	1437	0	0	0	0	0
44387	1438	0	0	0	0	0
44388	1439	1.2	0	0	0	0
MT9JSF12872AZ-1G4G1ZF	1440	0	0	0	0	0
MT9JSF12872AZ-1G1F1	1441	0	0	0	0	0
HMT112S6AFR6C-G7	1442	0	0	0	0	0
ESDB112	1443	0	0	0	0	0
ESAA135	1444	0	0	0	0	0
CB-MP120(16:9)WM5	1445	0	0	0	0	0
TLS-2	1446	0	0	0	0	0
TLS-3	1447	0	0	0	0	0
TLS-7	1448	0	0	0	0	0
TLS-9	1449	0	0	0	0	0
TLS-10	1450	0	0	0	0	0
TLS-4	1451	0	0	0	0	0
TLS-5	1452	0	0	0	0	0
TLS-11	1453	0	0	0	0	0
TLS-12	1454	0	0	0	0	0
M471B5173BH0-YK0	1455	0	0	470	380	420
44403	1456	0	0	0	0	0
KFJ-FPC218/2G	1457	0	0	0	0	0
M378T5663RZ3-CF7	1458	0	0	0	0	0
HMT325S6CFR8C-H9	1459	0	0	200	150	150
HMT125U6TFR8C-H9	1460	0	0	200	0	160
HMT351S6EFR8C-PB	1461	0	0	470	400	380
KVR667D2N5/1G	1462	0	125	130	0	0
CCA-2R2R-6	1463	0	0	0	0	0
CCA-2R2R-10	1464	0	0	0	0	0
44428	1465	0	0	0	0	0
40223	1466	0	0	0	0	0
C50710C	1467	0	0	0	0	0
44430	1468	0	0	0	0	0
HDMI01-1.8	1469	0	0	0	0	0
M471B5773DH0-YK0	1470	0	0	0	0	0
M378B5673FH0-CH9	1471	0	0	200	0	160
TS240GSSD220S	1472	0	0	0	0	0
XC1497	1473	0	0	0	0	0
M471B5273CH0-YK0	1474	0	0	542.2	400	0
3.5STM2RCAF-01	1475	0	0	0	0	0
3.5STM2RCAM01-3.0	1476	0	0	0	0	0
10707	1477	0	0	0	0	0
HMT41GS6MFR8C-PB	1478	0	0	850	800	800
76.a302g.c8q0c	1479	0	0	0	0	0
40363	1480	0	0	0	0	0
20848	1481	0	0	0	0	0
HMT351U6CFR8C-H9	1482	0	425	470	360	350
KVR24S17S8/8	1483	0	0	900	0	0
HMT451S6EFR8A-PB	1484	0	0	0	0	0
HMT351S6BFR8C-PB	1485	0	0	0	0	0
M471B5273CM0-CK0	1486	0	0	0	0	0
IR-SSDPR-S25A-120	1487	0	0	0	0	0
M471B5273EB0-CK0	1488	0	0	470	400	400
HMT41GS6DFR8A-PB	1489	0	0	850	0	850
44485	1490	0	0	0	0	0
RCA01-1.8	1491	0	0	0	0	0
CCA-2R2R-10M	1492	0	0	0	0	0
AP120GAS340G	1493	0	0	0	0	0
AP240GAS350	1494	0	0	0	0	0
9174	1495	0	0	0	0	0
44500	1496	2.3	0	0	0	0
HMP125S6EFR8C-S6	1497	0	0	200	0	0
40252	1498	0	0	0	0	0
M471B5273BH0-CK0	1499	0	0	0	0	0
M471A5244BB0-CRC	1500	0	0	550	0	480
HMT451S6MFR8C-H9	1501	0	0	0	0	0
HYMP512S64CP8-Y5	1502	0	0	0	0	0
HMT325S6EFR8A-PB	1503	0	0	0	0	0
M471B5773CHS-CK0	1504	0	0	200	0	160
M471B5173CB0-YK0	1505	0	0	470	380	0
TS16GJF730	1506	0	0	0	0	0
AP120GAS350	1507	0	0	0	0	0
0001180T	1508	0	0	0	0	0
0001196T	1509	0	0	0	0	0
0011100T	1510	0	0	0	0	0
PRT2	1511	0	0	0	0	0
M86NWX	1512	0	0	0	0	0
1EVEE5	1513	0	0	0	0	0
0043200E	1514	0	0	0	0	0
R100WH1	1515	0	0	0	0	0
SK120NXW-E12	1516	0	0	0	0	0
VMAX128XWX2-E20	1517	0	0	0	0	0
CB-MP200(4:3)WM5(ALCW)	1518	0	0	0	0	0
SK200XVW2	1519	0	0	0	0	0
SK200XHW2	1520	0	0	0	0	0
WK-URS210pb	1521	0	0	0	0	0
WK-URS190	1522	0	0	0	0	0
WK-URS210	1523	0	0	0	0	0
WK-URS240	1524	0	0	0	0	0
M471B5674QH0-YK0	1525	0	0	200	0	160
M378B5773CH0-CK0	1526	0	0	0	0	0
M378B5773DH0-CK0	1527	0	0	0	0	0
CH-765	1528	0	0	0	0	0
44564	1529	0	0	0	0	0
M378B5273BH1-CH9	1530	0	0	0	0	0
M471B5673DH1-CF8	1531	0	0	0	0	160
HMT425S6CFR6A-PB	1532	0	0	0	0	0
HMT425S6AFR8A-PB	1533	0	0	200	0	160
HMT325U6CFR8C-PB	1534	0	0	0	0	0
HMT451U6BFR8C-PB	1535	0	0	470	360	0
HMA81GS6AFR8N-UH	1536	0	0	1000	900	840
RD82A	1537	0	0	0	0	0
RD91A	1538	0	0	0	0	0
M471B1G73BH0-YK0	1539	0	0	850	0	850
CT102464BD160B	1540	0	0	850	900	0
M378B5273DH0-CK0	1541	0	0	484.67	360	370
M471A1K43BB1-CPC	1542	0	0	0	0	0
M471A1K43BB0-CPB	1543	0	0	1000	900	900
CT8G4DFD824A	1544	0	0	950	0	0
VGA02-1.8	1545	0	0	0	0	0
44580	1546	0	0	0	0	0
HDMI05-3.0	1547	0	0	0	0	0
44595	1548	0	0	0	0	0
NT2GT64U8HD0BN-AD	1549	0	0	0	0	0
20223	1550	0	0	0	0	0
ZLY5012609A	1551	0	0	0	0	0
HMT351U6BFR8C-PB	1552	0	0	0	0	0
HMT41GU6DFR8A-PB	1553	0	0	0	850	0
M378B1G73DB0-CK0	1554	0	0	850	850	700
M378B1G73EB0-CK0	1555	0	0	850	850	0
M378A1G43DB0-CPB	1556	0	0	950	0	800
M471A2K43BB1-CRC	1557	0	0	2300	2200	2000
CT8G4DFD8213	1558	0	0	0	0	0
VCPDCHDMIMM1.8BK	1559	0	0	0	0	0
HDMI04-3.0	1560	0	0	0	0	0
VCPDCHDMIMM5BK	1561	0	0	0	0	0
RMSA3260MB78HAF-2400	1562	0	0	0	0	0
M471A1K43DB0-CPB	1563	0	0	0	0	0
m471A1K43CB1-CRC	1564	0	0	1050	0	850
m471A1K43BB1-CRC	1565	0	0	1050	900	800
HMA851S6AFR6N-UH	1566	0	0	550	0	480
T2535T240G0C101	1567	0	0	0	0	0
44633	1568	0	0	0	0	0
MTA8ATF51264AZ-2G1B1	1569	0	0	0	450	0
MTA4ATF51264AZ-2G3B1	1570	0	0	0	450	0
M470T2864EH3-CF7	1571	0	75	130	0	0
KVR24N17S8/4	1572	0	0	500	0	0
KVR24N17S8/8	1573	0	900	900	0	0
KVR21S15D8/16	1574	0	0	2000	0	1600
44638	1575	0	0	0	0	0
CT16G4SFD824A	1576	0	0	2300	2100	0
CT4G4DFS824A.M8FB	1577	0	0	0	0	0
mta16atf2g64hz-2g1a1	1578	0	0	1900	0	1700
E404247S	1579	0	0	0	0	0
AD4S2133J4G15-S	1580	0	0	0	0	0
AS04GGB24CEWBGH	1581	0	0	0	0	0
AD4S2666W4G19-S	1582	0	0	0	0	0
AD4S266638G19-S	1583	0	0	0	0	0
E408247S	1584	0	0	0	0	0
E41621S	1585	0	0	0	0	0
AS16GGB24CEYBGH	1586	0	0	0	0	0
JM2666HSH-4G	1587	0	0	0	0	0
JM2400HSH-4G	1588	0	0	0	0	0
GR2400S464L17S/4G	1589	0	0	0	0	0
CT4G4SFS8266	1590	0	0	500	0	0
GR2666S464L19S/4G	1591	0	0	0	0	0
KVR26S19S6/4	1592	0	0	550	0	0
JM2666HSB-8G	1593	0	0	0	0	0
TED48G2133C15-S01	1594	0	0	0	0	0
A-HDMI-VGA-03-10	1595	0	0	0	0	0
A-HDMI-VGA-03-5M	1596	0	0	0	0	0
A-HDMI-VGA-03-10M	1597	0	0	0	0	0
44681	1598	0	0	0	0	0
JS300SSD120GB	1599	0	0	0	0	0
GA-H110M-H	1600	0	0	0	0	0
44682	1601	0	0	0	0	0
PBU240GS25SSDR	1602	0	0	0	0	0
44693	1603	0	0	0	0	0
AMD16N11/4	1604	0	275	0	0	0
KVR24N17D8/16	1605	0	0	1900	0	0
AP480GAS350-1	1606	0	0	0	0	0
44708	1607	0	0	0	0	0
44719	1608	0	0	0	0	0
44722	1609	0	0	0	0	0
VD078	1610	0	0	0	0	0
44727	1611	0	0	0	0	0
44726	1612	0	0	0	0	0
M471B5273BH1-CH9	1613	0	0	0	400	0
EE2-U3S-2-S	1614	0	0	0	0	0
44752	1615	0	0	0	0	0
On Time	1616	0	0	0	0	0
HMT325U6BFR8C-H9N0	1617	0	0	0	0	0
GR1333D364L9/2G	1618	0	0	0	0	0
TED32GM1333C9-S01 / TED32G1333C9-S01	1619	0	0	0	0	0
TED34G1333C901 / TED34GM1333C901	1620	0	0	0	0	0
TED34GM1333C9-S01	1621	0	0	0	0	0
E30106A	1622	0	0	0	0	0
E30140A	1623	0	0	0	0	0
E30209A	1624	0	0	0	0	0
E30200A	1625	0	0	0	0	0
EG3001B	1626	0	0	0	0	0
GM16N11/2	1627	0	0	0	0	0
TED3L2G1600C11-S01	1628	0	0	0	0	0
GM16S11/2	1629	0	0	0	0	0
GR1600D364L11/2G	1630	0	0	0	0	0
NCPH9AUDR-16MA8	1631	0	0	0	0	0
GM16LN11/8	1632	0	0	0	0	0
TED38G1600C1101	1633	0	0	0	0	0
GM16S11/8	1634	0	0	0	0	0
GM16N11/8	1635	0	0	0	0	0
HMT41GU6MFR8C-PBN0 / HMT41GU6 / HMT41GU6	1636	0	0	0	0	0
GM16LS11/8	1637	0	0	0	0	0
GR2133D464L15S/4G	1638	0	0	0	0	0
GP44GB2133C15SC	1639	0	0	0	0	0
GR2133D464L15S/8G	1640	0	0	0	0	0
JR4U2133172408-16M	1641	0	0	0	0	0
GM24N17S8/4	1642	0	0	0	0	0
TED44G2400C1601	1643	0	0	0	0	0
TED48G2400C1601	1644	0	0	0	0	0
JM2400HSB-8G	1645	0	0	0	0	0
3.5ST01-1.8	1646	0	0	0	0	0
17435	1647	0	0	0	0	0
AV60CGB	1648	0	0	0	0	0
PBU120GS25SSDR	1649	0	0	0	0	0
SA400M8/120G	1650	0	0	0	0	0
T253LE240GTC101	1651	0	0	0	0	0
WDS240G2G0B	1652	0	0	0	0	0
ASU630SS-480GQ-R	1653	0	0	0	0	0
AP480GAS340G-1	1654	0	0	0	0	0
SA400S37/480G	1655	0	0	0	0	0
AP960GAS340G-1	1656	0	0	0	0	0
SSDPR-CX400-01T	1657	0	0	0	0	0
44101	1658	0	0	0	0	0
44769	1659	0	0	0	0	0
44768	1660	12	0	0	0	0
42884	1661	0	0	0	0	0
AB-U3M-VGAF-01	1662	0	0	0	0	0
USB3.0-HDMI	1663	0	0	0	0	0
DSP-2PH4-03	1664	0	0	0	0	0
VE401	1665	0	0	0	0	0
VE405	1666	0	0	0	0	0
GVS124	1667	0	0	0	0	0
DS-46304	1668	0	0	0	0	0
DS-47304	1669	0	0	0	0	0
DK-330105-150-S	1670	0	0	0	0	0
DK-330105-200-S	1671	0	0	0	0	0
RMSA3260MB78HAF-2666	1672	0	0	0	0	0
M471A1K43CB1-CTD	1673	0	0	1050	950	880
44743	1674	0	0	0	0	0
HSC035BK	1675	0	0	0	0	0
44779	1676	0	0	0	0	0
E30149A	1677	0	0	0	0	0
ML-1210D3	1678	0	0	0	0	0
C4096A	1679	0	0	0	0	0
TN-6300	1680	0	0	0	0	0
NS800-001	1681	0	0	0	0	0
SNY1333S9-2G-ELF	1682	0	0	0	0	0
ACR16D3LS1KNG/4G	1683	0	0	0	0	0
HDMI05-2.0	1684	0	0	0	0	0
44783	1685	0	0	0	0	0
16143	1686	0	0	0	0	0
M471B5773CHS-CF8	1687	0	0	200	0	0
M378B5273EB0-CK0	1688	0	0	470	360	0
M378B5173BH0-CK0	1689	0	0	470	360	370
Exceleram e40821a	1690	0	0	0	0	0
GD900-SSY1	1691	0	0	0	0	0
GD900-SY3	1692	0	0	0	0	0
GD900-SY7	1693	0	0	0	0	0
GD900-SY15	1694	0	0	0	0	0
GD900-SY30	1695	0	0	0	0	0
44796	1696	0	0	0	0	0
43567	1697	0	0	0	0	0
34555	1698	0	0	0	0	0
CT4G4SFS8213.C8FBD1	1699	0	0	0	0	0
HDE21	1700	0	0	0	0	0
KVR1333D3S8S9/2G	1701	0	0	0	0	0
44811	1702	0	0	0	0	0
KVR1333D3N9K2/4G	1703	0	0	0	0	0
HMT351U6EFR8C-PB	1704	0	0	0	360	370
HMT351U6СFR8C-PB	1705	0	0	488	0	400
M378B1G73BH0-CK0	1706	0	0	850	850	0
M378B1G73EB0-YK0	1707	0	0	850	0	750
44819	1708	0	0	0	0	0
44820	1709	0	0	0	0	0
HMA81GS6MFR8N-UH	1710	0	0	950	900	800
M471A1K43DB1-CTD	1711	0	0	1050	950	880
8.754E+11	1712	0	0	0	0	0
8.754E+11	1713	0	0	0	0	0
8.754E+11	1714	0	0	0	0	0
HMA451U6AFR8N-TF	1715	0	0	530	450	400
HMA851U6AFR6N-UH	1716	0	0	550	450	420
M378A5244BB0-CRC	1717	0	0	0	0	400
Kingston KMKYF9-MIHK18121 1Rx8	1718	0	0	0	0	0
44822	1719	0	0	0	0	0
44829	1720	0	0	0	0	0
44821	1721	0	0	0	0	0
KVR24N17S6/4	1722	0	0	0	0	0
HMA851U6CJR6N-UH	1723	0	0	0	450	0
KVR24S17S6/4	1724	0	0	0	0	0
EL.04G2T.KFH	1725	0	0	0	0	0
AS04GGB24CETBGH	1726	0	0	0	0	0
CT16G4DFD824A	1727	0	0	0	0	0
TED44G2133C1501	1728	0	0	0	0	0
TED44G2133C15-S01	1729	0	0	0	0	0
E40421A	1730	0	0	0	0	0
TED416G2400C1601	1731	0	0	0	0	0
E416247A	1732	0	0	0	0	0
E416247S	1733	0	0	0	0	0
CT4G4DFS8266	1734	0	0	0	0	0
KVR26N19S8/8	1735	0	0	0	0	0
KVR26S19S8/8	1736	0	0	950	0	0
KVR26N19D8/16	1737	0	0	0	0	0
CT16G4DFD8266	1738	0	0	0	0	0
KCP426SD8/16	1739	0	0	2300	0	0
AS08GGB26CQYBGH	1740	0	0	0	0	0
JS300SSD960GB	1741	0	0	0	0	0
SA400S37/960G	1742	0	0	0	0	0
CT960BX500SSD1	1743	0	0	0	0	0
M471A5244CB0-CTD	1744	0	0	530	500	500
HMA851S6CJR6N-VK	1745	0	0	500	0	480
KCP316ND8/8	1746	0	0	0	0	0
HX424C15FB/4	1747	0	0	0	0	0
HX316C10F/8	1748	0	0	950	0	0
HX424C15FB2/8	1749	0	0	1250	0	0
USBCM3.5ST-01	1750	0	0	0	0	0
CCA-UC3.5F-01-W	1751	0	0	0	0	0
CCA-UC3.5F-02	1752	0	0	0	0	0
CCA-UC3.5F-02-W	1753	0	0	0	0	0
8101	1754	0	0	0	0	0
EL123500018	1755	0	0	0	0	0
Charge3in1	1756	0	0	0	0	0
KBU1672	1757	0	0	0	0	0
KD00AS1260	1758	0	0	0	0	0
VRC151BK	1759	0	0	0	0	0
383655	1760	0	0	0	0	0
13888	1761	0	0	0	0	0
MobileTV-01	1762	0	0	0	0	0
A-CM-HDMIF-01	1763	0	0	0	0	0
KD00AS1272	1764	0	0	0	0	0
F2CU038btBLK	1765	0	0	0	0	0
DA-70838-1	1766	0	0	0	0	0
14716	1767	0	0	0	0	0
A-OTG-CMAF2-01	1768	0	0	0	0	0
AS08GGB24CEYBGH	1769	0	0	0	0	0
44849	1770	0	0	0	0	0
M471A2K43CB1-CRC	1771	0	0	2200	2100	1900
KCP424SS8/8	1772	0	0	950	0	900
AD4S240038G17-S	1773	0	0	0	0	0
IFD65T642/A3	1774	0	0	0	0	0
Т-65 LED	1775	0	0	0	0	0
CCA-2R2R-5M	1776	0	0	0	0	0
CCA-2R2R-7.5M	1777	0	0	0	0	0
CCA-2R2R-15M	1778	0	0	0	0	0
EL123500036	1779	0	0	0	0	0
EL123500037	1780	0	0	0	0	0
HMP351S6AFR8C-S6	1781	0	0	0	0	0
MT16JTF51264HZ-1G6M1	1782	0	0	470	400	0
RMT3160ED58E9W-1600	1783	0	0	470	400	0
NT4GC64C88B1NS-DI	1784	0	0	0	400	0
RMT3170EF68F9W-1600	1785	0	0	470	0	0
M378A5143EB1-CPB	1786	0	0	500	450	0
MTA8ATF51264AZ-2G1A2	1787	0	0	0	0	0
W160SB8GVL	1788	0	0	0	0	0
KCP313ND8	1789	0	0	0	0	0
M378B5173EB0-YK0	1790	0	0	500	360	370
SSBC04G08-EGNME	1791	0	0	0	0	0
M378B5173QH0-YK0	1792	0	0	0	0	0
M378B5173CB0-CK0	1793	0	0	0	0	0
HMT451U6AFR8C-PB	1794	0	0	470	360	370
ACR16D3LS1KFG	1795	0	0	0	0	0
CT102464BF186D	1796	0	0	0	900	0
MT16KTF1G64HZ-1G6E1	1797	0	0	850	800	0
102464Z11D316813	1798	0	0	0	0	0
GR1333D364L9/4G	1799	0	0	0	0	0
HMT41GU6BFR8A-PB	1800	0	0	850	850	0
HMA41GU6AFR8N-TF	1801	0	0	1100	0	0
MTA16ATF1G64AZ-2G1A2	1802	0	0	0	0	0
MTA16ATF1G64AZ-2G1B1	1803	0	0	0	900	0
M378A1K43CB2-CRC	1804	0	0	930	900	0
HMA81GU6AFR8N-UH	1805	0	0	1100	900	850
MTA8ATF1G64AZ-2G3H1	1806	0	0	0	900	0
CT51264BF1339.M16FMR	1807	0	0	0	400	0
M378A1K43BB1-CPB	1808	0	0	1050	900	0
M471B5173BH0-CH9	1809	0	0	0	380	370
M378A1K43DB2-CTD	1810	0	0	950	950	0
HMA81GU6CJR8N-VK	1811	0	0	950	950	0
MT16JTF51264HZ-1G4M1	1812	0	0	500	400	0
M378A1K43CB2-CTD	1813	0	0	1100	0	0
M378A1K43TB1-CTD	1814	0	0	0	0	0
M378A5244CB0-CRC	1815	0	0	0	450	430
M378A5143DB0-CPB	1816	0	0	470	450	420
RMT3020EC58E9F-1333	1817	0	0	470	0	0
M471A2K43BB1-CPB	1818	0	0	1900	2200	1750
HMA82GS6AFR8N-UH	1819	0	0	1900	2100	2000
M471B5273EB0-YK0	1820	0	0	0	400	420
M471B5173DB0-CK0	1821	0	0	0	0	0
MT4GS16H2568-66	1822	0	0	0	0	0
NT4GC64B88B1NF-DI	1823	0	0	0	360	0
NT4GC64B8HG0NF-DI	1824	0	0	470	0	0
HMT41GU6MFR8C-PB	1825	0	0	1 004,33	850	0
X7C75G-HYC	1826	0	0	549	0	0
KCP313ND8/8	1827	0	0	0	0	0
MTA16ATF1G64AZ-2G6E1	1828	0	0	0	950	0
MT16KTF1G64HZ-1G6N1	1829	0	0	850	800	0
MT16KTF1G64AZ-1G6P1	1830	0	0	0	850	0
M378B1G73QH0-CK0	1831	0	0	850	850	0
HMT41GU6BFR8C-PB	1832	0	0	850	850	0
MT16JTF1G64AZ-1G6D1	1833	0	0	0	0	0
MT16JTF1G64AZ-1G6E1	1834	0	0	850	850	0
44825	1835	0	0	0	0	0
HDMI02-5.0	1836	0	0	0	0	0
44641	1837	0	0	0	0	0
ACR16D3LU1NGG/4G	1838	0	0	0	0	0
ACR512X64D3S13C9G	1839	0	0	0	0	0
HMT451S6AFR8C-PB	1840	0	0	470	0	0
KX830D-HYC	1841	0	0	0	0	0
RMT3170EB68F9W-1600	1842	0	0	470	0	0
SNY1600S11-4G-EDEG	1843	0	0	0	0	0
F3-10600CL9S-8GBNT	1844	0	0	0	0	0
HMT41GS6AFR8C-PB	1845	0	0	870	0	800
HMT41GU6AFR8A-PB	1846	0	0	0	850	0
F4-2400C15D-8GFT	1847	0	0	0	0	0
44893	1848	0	0	0	0	0
44894	1849	0	0	0	0	0
MT16KTF51264HZ-1G6M1	1850	0	0	470	400	0
MTA8ATF1G4HZ-2G6E1	1851	0	0	0	0	0
KV-FJ2504S	1852	0	0	0	0	0
KVR1333N11/8	1853	0	0	0	0	0
AM1L16BC8R2-B1JS	1854	0	0	0	0	0
992031	1855	0	0	0	0	0
MT16KTF1G64HZ-1G6D1	1856	0	0	0	800	0
KFYHV1-HYC	1857	0	0	470	400	0
MT16KTF1G64AZ-1G6E1	1858	0	0	0	850	0
MTA8ATF1G64HZ-2G6E1	1859	0	0	1100	0	900
MTA8ATF1G64HZ-2G6H1	1860	0	0	950	0	900
44637	1861	0	0	0	0	0
CH-03UMB	1862	0	0	0	0	0
VCPDCHDMI2VMM1.8BK	1863	0	0	0	0	0
87352	1864	0	0	0	0	0
CT2G2S667M	1865	0	0	250	0	0
CT480BX500SSD1	1866	0	0	0	0	0
HMT325S6EFR8C-PB	1867	0	0	200	0	160
HMT351S6BFR8C-G7	1868	0	425	0	0	0
HMT451S6MMR8C-G7	1869	0	0	0	0	0
MT16KTF51264HZ-1G6K1	1870	0	0	470	0	0
MT8JSF25664HZ-1G4D1	1871	0	0	200	150	0
VCPHDMI14MM1BK	1872	0	0	0	0	0
KTH-XW4400C6/2G	1873	0	0	0	0	0
MT16JTF51264AZ-1G4M1	1874	0	0	470	360	0
EBJ40UG8EFU0-GN	1875	0	0	500	400	0
M471B5273DH0-YH9	1876	0	0	0	0	0
HMA81GS6JJR8N-VK	1877	0	0	1100	0	1050
44931	1878	0	0	0	0	0
KP223C-ELD	1879	0	0	158.42	0	0
M378B5673FH0-CF8	1880	0	0	200	0	0
ACR16D3LFS1KBG/2G	1881	0	0	200	0	0
KVR1333D3S0/4GR	1882	0	0	0	0	0
KNWMX1-ETB	1883	0	0	470	420	0
75TT16NUL2R8-8G	1884	0	0	0	800	0
CMSA8GX3M2A1333C9	1885	0	0	0	0	0
XPS730C/8G	1886	0	0	0	0	0
CMSO16GX3M2C1600C11	1887	0	0	0	0	0
CMK16GX4M2B3000C15	1888	0	0	0	2400	0
CMK32GX4M2B3200C16	1889	0	0	0	3990	0
HMT325U6TFR8C-H9	1890	0	0	0	0	0
KCP421NS8/8	1891	0	0	950	0	0
RMT3170MN68F9F-1600	1892	0	0	0	400	0
CT4G3S1339M	1893	0	0	0	0	0
i5-4570	1894	0	0	0	0	0
i5-4590	1895	0	0	0	0	0
i5-4670	1896	0	0	0	0	0
i5-6500	1897	0	0	0	0	0
i5-2400	1898	0	0	0	0	0
i5-2500	1899	0	0	0	0	0
i5-3470	1900	0	0	0	0	0
i5-3570	1901	0	0	0	0	0
i5-3570s	1902	0	0	0	0	0
i7-2600	1903	0	0	0	0	0
CT16G4SFD8266	1904	0	0	2300	0	1600
MT8JTF51264AZ-1G6E1	1905	0	0	470	360	0
HMA81GU6JJR8N-VK	1906	0	0	1000	0	850
RMSA3260MH78HAF-2666	1907	0	0	0	0	0
i7-4790	1908	0	0	0	0	0
G3930	1909	0	0	0	0	0
i5-6400	1910	0	0	0	0	0
i5-9400f	1911	0	0	0	0	0
i3-2120	1912	0	0	0	0	0
i5-3570k	1913	0	0	0	0	0
i3-550	1914	0	0	0	0	0
44955	1915	0	0	0	0	0
44964	1916	0	0	0	0	0
KTL-TP667/2G	1917	0	0	0	0	0
NT2GT64U8HC0BN-3C	1918	0	0	250	0	0
KTH-ZD8000C6/2G	1919	0	0	0	0	0
DV00DV4046	1920	0	0	0	0	0
44979	1921	0	0	0	0	0
44980	1922	0	0	0	0	0
44977	1923	0	0	0	0	0
44975	1924	0	0	0	0	0
44978	1925	0	0	0	0	0
44976	1926	0	0	0	0	0
44974	1927	0	0	0	0	0
44973	1928	0	0	0	0	0
HMT451U6BFR8A-PB	1929	0	0	470	360	0
KTH-X3CL/8G	1930	0	0	850	0	0
EBE21UE8ACSA-6E-E	1931	0	0	0	0	0
KV-FJ2502S	1932	0	0	0	0	0
PSD34G1333K	1933	0	0	0	0	0
KVR1066D3N7K2/8G	1934	0	0	0	0	0
KVR16N11S8K2/8	1935	0	0	0	0	0
KTD-L3CS/4G	1936	0	0	0	0	0
KTH-X3BS/4G	1937	0	0	553.33	380	0
MT8KTF51264HZ-1G6N1	1938	0	0	470	400	0
3UB2P2	1939	0	0	0	0	0
KVR800D2K2/4G	1940	0	0	0	0	0
KVR800D2N6K2/4G	1941	0	0	0	0	0
ACNBB	1942	0	0	0	0	0
VGA-2002	1943	0	0	0	0	0
CT8G4DFS8266	1944	0	0	0	0	0
CT8G4SFS8266	1945	0	0	950	950	850
M378A2G43MX3-CTD	1946	0	0	0	0	0
M471A2K43CB1-CTD	1947	0	0	2300	0	2050
HMT451S6BFR8C-PB	1948	0	0	0	0	420
MTA8ATF51264HZ-2G3B1	1949	0	0	0	0	0
17001	1950	0	0	0	0	0
45008	1951	0	0	0	0	0
CC-SATAM-DATA90	1952	0	0	0	0	0
CC-SATA-PSY	1953	0	0	0	0	0
16148	1954	0	0	0	0	0
PC-184L	1955	0	0	0	0	0
10119	1956	0	0	0	0	0
16348	1957	0	0	0	0	0
10117	1958	0	0	0	0	0
PC-186-ML12-3M	1959	0	0	0	0	0
2E-W1703	1960	0	0	0	0	0
CAB-PN-DP-DP-18	1961	0	0	0	0	0
KTH9600BS/4G	1962	0	0	0	0	0
MTA8ATF51264HZ-2G1B1	1963	0	0	0	450	0
MTA4ATF51264HZ-2G3B1	1964	0	0	0	0	0
KTD3KX-MIB	1965	0	0	0	950	0
MTA16ATF1G64HZ-2G1B1	1966	0	0	900	900	0
VB-HDMI4-1M	1967	0	0	0	0	0
KTD-INSP6000C/2G	1968	0	0	0	0	0
KTH9600B/2G	1969	0	0	175.71	0	0
45028	1970	0	0	0	0	0
KVR26S19D8/16	1971	0	0	2500	0	1800
MTA8ATF1G64AZ-2G3B1	1972	0	0	0	900	0
MTA8ATF1G64AZ-2G3E1	1973	0	0	950	900	0
HMT451S6DFR8A-PB	1974	0	0	500	0	420
HMT351S6AFR8C-G7	1975	0	425	500	0	400
KTA-MB1333/4	1976	0	0	0	0	0
SNY1333D3S9ELC/2	1977	0	0	0	150	0
SNY1333D3S9DR8/2	1978	0	0	200	150	0
MT16JSF25664HZ-1G4F1	1979	0	0	0	0	0
KF073F-ELD	1980	0	0	200	0	0
ACR256X64D3S1333C9	1981	0	0	200	0	0
TTG-G30015	1982	0	0	0	0	0
TG5	1983	0	0	0	0	0
TG10	1984	0	0	0	0	0
701662	1985	0	0	0	0	0
45032	1986	0	0	0	0	0
MT16JTF51264AZ-1G6M1	1987	0	0	500	360	0
R748G2133U2S	1988	0	0	0	0	0
KVR648-PSB	1989	0	0	850	850	0
M471A5143SB1-CRC	1990	0	0	550	0	480
KCP426SS8/8	1991	0	0	950	0	0
HP26D4U9S8MD	1992	0	0	950	950	0
MTA16ATF1G64HZ-2G1A2	1993	0	0	950	900	0
MTA8ATF1G64HZ-2G3E1	1994	0	0	900	0	730
MTA8ATF1G64HZ-2G3H1	1995	0	0	1000	0	0
HMA81GS6CJR8N-UH	1996	0	0	950	950	900
HMA82GS6MFR8N-TF	1997	0	0	0	2200	1650
NSTOR-12	1998	0	0	0	0	0
NSTOR-9	1999	0	0	0	0	0
HDC-25С	2000	0	0	0	0	0
HDC-24С	2001	0	0	0	0	0
STBRTRBLACK	2002	0	0	0	0	0
STBRTRGREEN	2003	0	0	0	0	0
STBRTRORANGE	2004	0	0	0	0	0
STBRTRRED	2005	0	0	0	0	0
STBRNTRSILVER	2006	0	0	0	0	0
STBRNTRWHITE	2007	0	0	0	0	0
STBRTRYELLOW	2008	0	0	0	0	0
UL001	2009	0	0	0	0	0
NL-01-G	2010	0	0	0	0	0
01415	2011	0	0	0	0	0
LK-CL-01	2012	0	0	0	0	0
NLOCK02K	2013	0	0	0	0	0
M378A5244CB0-CTD	2014	0	0	0	500	0
KCP426NS6/4	2015	0	0	0	0	0
KVR24N17S6L/4	2016	0	0	0	0	0
GR2666S464L19S/8G	2017	0	0	950	0	0
HMA82GS6JJR8N-VK	2018	0	0	2300	0	2100
MTA8ATF1G64HZ-2G6D1	2019	0	0	900	0	0
HMT425S6AFR6C-PB	2020	0	0	200	0	160
KCP424SS6/4	2021	0	0	550	0	0
PSD44G240082S	2022	0	0	0	0	0
PSD44G240081H	2023	0	0	0	0	0
CCA-406	2024	0	0	0	0	0
3.5STM2RCAM01-5.0	2025	0	0	0	0	0
A-2RCAFF-01	2026	0	0	0	0	0
CCV-4415	2027	0	0	0	0	0
CCAP-4P3R-1.5M	2028	0	0	0	0	0
CCV-519-001	2029	0	0	0	0	0
PB103-0500	2030	0	0	0	0	0
3.5ST02	2031	0	0	0	0	0
CC-OPT-5M	2032	0	0	0	0	0
45064	2033	0	0	0	0	0
CT8G4SFD824A	2034	0	0	900	900	0
HMA81GS6CJR8N-VK	2035	0	0	1100	0	1050
KHYXPX-MIE	2036	0	0	900	0	0
HMA82GU6MFR8N-TF	2037	0	0	0	2000	0
M378A2K43BB1-CPB	2038	0	0	0	0	0
M378A2K43CB1-CRC	2039	0	0	0	2000	0
MTA16ATF2G64AZ-2G1A1	2040	0	0	0	0	0
CT16G4DFD8213	2041	0	0	0	0	0
mta16atf2g64hz-2g3b1	2042	0	0	2200	0	1850
AP240GAS350-1	2043	0	0	0	0	0
MZ-76E250BW	2044	0	0	0	0	0
JS600SSD128GB	2045	0	0	0	0	0
AP120GAS340G-1	2046	0	0	0	0	0
95.DB260.P100C	2047	0	0	0	0	0
AP240GAS340G-1	2048	0	0	0	0	0
SSDPR-CX400-128	2049	0	0	0	0	0
SSDPR-CX400-256	2050	0	0	0	0	0
MZ-76E500BW	2051	0	0	0	0	0
SSDPR-CL100-120-G2	2052	0	0	0	0	0
CT240BX500SSD1	2053	0	0	0	0	0
41.07185.2400B	2054	0	0	0	0	0
T253X1240G0C101	2055	0	0	0	0	0
62611004	2056	0	0	0	0	0
CT120BX500SSD1	2057	0	0	0	0	0
AP120GAS350-1	2058	0	0	0	0	0
95.DB2A0.P100C	2059	0	0	0	0	0
MZ-76E500B/KR	2060	0	0	0	0	0
MZ-76Q1T0BW	2061	0	0	0	0	0
SSDPR-CL100-480-G2	2062	0	0	0	0	0
MZ-V7S500BW	2063	0	0	0	0	0
JM600M2-2280128GB	2064	0	0	0	0	0
SA2000M8/250G	2065	0	0	0	0	0
P200S256G25	2066	0	0	0	0	0
GM16S11/4	2067	0	0	500	0	0
HX426S16IBK2/64	2068	0	0	0	0	0
HX424S15IB/32	2069	0	0	0	0	0
ES.32GAT.GEEK2	2070	0	0	0	0	0
E432247SD	2071	0	0	0	0	0
E408247A	2072	0	0	0	0	0
E408269A	2073	0	0	0	0	0
E47051A	2074	0	0	0	0	0
E47033A	2075	0	0	0	0	0
HX426C16FB3/8	2076	0	0	0	0	0
JR3U1600172308-8M	2077	0	0	0	0	0
HMA851S6JJR6N-VK	2078	0	0	520	0	0
MZ-V7S250BW	2079	0	0	0	0	0
HP26D4U9S1ME	2080	0	0	0	500	0
RMT3160ME68FAF-1600	2081	0	0	0	850	0
HMT41GS6MFR8C-H9	2082	0	0	950	0	850
MDZ-22-AB	2083	0	0	0	0	0
VGA03-1.8	2084	0	0	0	0	0
VCPVGAMM1.8	2085	0	0	0	0	0
VCPHDMI14MM3BK	2086	0	0	0	0	0
HDMIDVI01-3.0	2087	0	0	0	0	0
17391	2088	0	0	0	0	0
CCA-418	2089	0	0	0	0	0
ZM-STG2	2090	0	0	0	0	0
ACTCP00004B	2091	0	0	0	0	0
ACTCP00008B	2092	0	0	0	0	0
TG-G15-02	2093	0	0	0	0	0
ZM-STС8	2094	0	0	0	0	0
ZM-STG1	2095	0	0	0	0	0
TG-P-01	2096	0	0	0	0	0
DVIVGA01	2097	0	0	0	0	0
17441	2098	0	0	0	0	0
9214	2099	0	0	0	0	0
VCPDVI241VGA	2100	0	0	0	0	0
3.5STMF02-0.2	2101	0	0	0	0	0
MINIHDMI-01	2102	0	0	0	0	0
HMA82GS6CJR8N-VK	2103	0	0	2450	0	2200
WD5000LPCX	2104	0	0	0	0	0
ST5000LM000	2105	0	0	0	0	0
STBD2000103	2106	0	0	0	0	0
ST3000LM024	2107	0	0	0	0	0
ST2000LM015	2108	0	0	0	0	0
WD10SPSX	2109	0	0	0	0	0
ST1000LM049	2110	0	0	0	0	0
WD10SPZX	2111	0	0	0	0	0
ST1000LM048	2112	0	0	0	0	0
MQ01AAD020C	2113	0	0	0	0	0
WD10EZEX	2114	0	0	0	0	0
HDWD110UZSVA	2115	0	0	0	0	0
ST1000DM010	2116	0	0	0	0	0
WD40PURZ	2117	0	0	0	0	0
ST2000DM008	2118	0	0	0	0	0
WD20PURZ	2119	0	0	0	0	0
WD20EFAX	2120	0	0	0	0	0
HDWD120UZSVA	2121	0	0	0	0	0
EBJ21UE8BDF0-DJ	2122	0	0	0	0	0
HP24D4S7S8MBP	2123	0	0	950	0	0
EBJ21UE8BDS0-DJ	2124	0	0	200	150	0
MT16JSF25664HZ-1G4G1	2125	0	0	200	0	0
M471B5673EH1-CH9	2126	0	0	0	0	0
3798	2127	0	0	0	0	0
VCPPCC131.8BK	2128	0	0	0	0	0
16134	2129	0	0	0	0	0
VCPPCC71.8BK	2130	0	0	0	0	0
16185	2131	0	0	0	0	0
VCPSATAPW15	2132	0	0	0	0	0
VCPPC75C133BK	2133	0	0	0	0	0
8604	2134	0	0	0	0	0
UTPCat5e0.5CCA-3.0	2135	0	0	0	0	0
4963	2136	0	0	0	0	0
VCPPCCCS5Y	2137	0	0	0	0	0
VCPPCC0.5B	2138	0	0	0	0	0
4961	2139	0	0	0	0	0
VB6-5-100	2140	0	0	0	0	0
VB6-3-100	2141	0	0	0	0	0
VG5-2-75	2142	0	0	0	0	0
VG5-3-75	2143	0	0	0	0	0
SPM5-G-6B	2144	0	0	0	0	0
VG6-2-75	2145	0	0	0	0	0
SPG6-B-15 PPB/ SPG6-G-15B	2146	0	0	0	0	0
SPM5-G-10B	2147	0	0	0	0	0
CT204864BD160B	2148	0	0	0	0	0
VCP2H3USB2LANWH	2149	0	0	0	0	0
VCP2H6USBCRSWWH	2150	0	0	0	0	0
VCPATC2HDMIUSBPDWH	2151	0	0	0	0	0
HUB040	2152	0	0	0	0	0
UHB-U2P4-03	2153	0	0	0	0	0
VCPHTC2USB3S	2154	0	0	0	0	0
GH-409	2155	0	0	0	0	0
2E-W1408	2156	0	0	0	0	0
M471B1G73BH0-CH9	2157	0	0	1000	1800	0
M471B1G73CB0-YK0	2158	0	0	0	0	0
HP26D4S9S8MHF	2159	0	0	900	0	0
KMKYF9-MID	2160	0	0	0	0	0
RMSA3260NA78HAF-2400	2161	0	0	950	900	0
HMA82GS6MFR8N-UH	2162	0	0	2200	0	0
NT4GC64B8HB0NS-CG	2163	0	0	500	0	0
45088	2164	0	0	0	0	0
45089	2165	0	0	0	0	0
JM2666HLB-16G	2166	0	0	2300	0	0
JM2666HSB-16G	2167	0	0	2400	0	0
RZPSAS90195525	2168	0	0	0	0	0
RZPSAS65195525	2169	0	0	0	0	0
RZPSHP90197450	2170	0	0	0	0	0
RZPSAC65195517	2171	0	0	0	0	0
VPA-1947-AS5525-101	2172	0	0	0	0	0
RZPSAC90195517	2173	0	0	0	0	0
VPA-1934-AS5525-101	2174	0	0	0	0	0
VPA-1947-HP7450-101	2175	0	0	0	0	0
RZPSDL90197450	2176	0	0	0	0	0
RZPSLN9020SQ	2177	0	0	0	0	0
CCA-4P2R-2M	2178	0	0	0	0	0
R7416G2400S2S-UO	2179	0	0	0	0	1500
kcp424sd8/16	2180	0	0	2100	2200	1600
ASU16D3LU1KFG/8G	2181	0	0	0	0	0
RMR5040ME68FAF-1600	2182	0	0	0	850	0
KTL-TC316/8G	2183	0	0	0	850	0
KN2M64-ETB	2184	0	0	850	850	0
HP698657-154	2185	0	0	0	850	0
NT8GC64C8HB0NS-DI	2186	0	0	0	850	0
MT16KTF1G64AZ-1G9P1	2187	0	0	0	900	0
M471A2K43DB1-CTD	2188	0	0	2200	0	2050
45095	2189	0	0	0	0	0
KTH-X3CS/4G	2190	0	0	470	0	0
45102	2191	0	0	0	0	0
NT2GC64B88G0NS-DI	2192	0	0	0	0	0
MT8KTF25664HZ-1G6M1	2193	0	0	200	0	0
CT25664BC1339	2194	0	0	200	0	0
HMT125S6TFR8C-G7	2195	0	0	200	150	0
MT8KTF51264AZ-1G6E1	2196	0	0	470	360	0
MT8KTF51264AZ-1G6P1	2197	0	0	0	0	0
HMT351S6CFR8A-H9	2198	0	0	552	0	0
8GBS421ZS3A15	2199	0	0	0	900	0
MTA16ATF2G64HZ-2G6E1	2200	0	0	2400	2400	0
JM1600KLH-8G	2201	0	750	850	0	0
MT16JTF51264AZ-1G4H1	2202	0	0	0	360	0
45116	2203	0	0	0	0	0
45117	2204	0	0	0	0	0
EBE41UF8ABDA-8G-E	2205	0	0	0	0	700
KTH-ZD8000B/4G	2206	0	0	0	0	700
EBJ20UF8BCS0-DJ-F	2207	0	0	0	150	0
EBJ21UE8BFU0-DJ-F	2208	0	0	0	150	0
43360	2209	0	0	0	0	0
K531R8-ETB	2210	0	0	0	0	0
NT2GC64B88B0NS-CG	2211	0	0	0	150	0
mta16atf2g64hz-2g3e1	2212	0	0	0	0	1500
ASU1333D3S9DR8/2G	2213	0	0	0	0	0
ACR256X64D3S13C9G	2214	0	0	200	0	0
KV1RX3-HYC	2215	0	0	0	0	0
TSB1333D3S9SR8/2G	2216	0	0	0	0	0
EBJ21UE8BDF0-AE	2217	0	0	200	0	0
HP594908-HR1	2218	0	0	200	150	0
RMT3020EF48E8W-1333	2219	0	0	200	0	0
NT2GC64B8HC0NF-CG	2220	0	0	0	0	0
HMT125U6TFR8C-G7	2221	0	0	0	0	0
EBJ41UF8BDU5-GN	2222	0	0	470	420	0
RMR5030EF68F9W-1600	2223	0	0	0	360	0
KP382H-HYC	2224	0	0	0	0	0
NT4GC64B8HG0NF-CG	2225	0	0	470	0	0
D4SS1G082SH24A-B DSL	2226	0	0	2300	0	1300
78AP24NUS2R8-16G	2227	0	0	1 638,00	0	1450
AASM52SE22G64AP-RQ	2228	0	0	0	0	0
F4-2400C16D-32GRS	2229	0	0	0	0	0
M471A4G43MB1-CTD	2230	0	0	0	0	3850
MTA8ATF1G64HZ-3G2J1	2231	0	0	1300	0	1100
MD4S3232220IZ0DC	2232	0	0	0	0	3100
HMT125S6BFR8C-G7	2233	0	0	200	150	0
CT16G4SFD826A	2234	0	0	0	0	0
ACR26D4S9D8MD-16	2235	0	0	0	2300	0
mta16atf2g64hz-2g3h1	2236	0	0	0	0	1450
45187	2237	0	0	0	0	0
KVR333X64SC25/1G	2238	0	0	0	0	0
45192	2239	0	0	0	0	0
HMA851S6DJR6N-XN	2240	0	0	520	0	480
HX426S15IB2/8	2241	0	0	1100	0	730
KCP3L16ND8/8	2242	0	0	0	850	0
AD73I1B0873EV	2243	0	0	200	0	0
CCV-518	2244	0	0	0	0	0
1283126473975	2245	0	0	0	0	0
10711	2246	0	0	0	0	0
CA912018	2247	0	0	0	0	0
VCPDCDVIMM1.8BK	2248	0	0	0	0	0
8057	2249	0	0	0	0	0
CC-DVI-BK-6	2250	0	0	0	0	0
KD00AS1283	2251	0	0	0	0	0
45202	2252	0	0	0	0	0
M471A1K43DB1-CWE	2253	0	0	1150	1200	1050
NT2GC64B8HC0NS-BE	2254	0	0	0	150	0
JM1333KLN-4G	2255	0	0	559.33	0	0
KP4T2F-PSBS	2256	0	0	0	0	0
K531R8-HYA	2257	0	0	0	360	0
R334G1339U1S-UO	2258	0	0	0	0	0
HP26D4U9S8ME	2259	0	0	0	950	0
ACR24D4S7S8MB	2260	0	0	950	0	0
HMA81GS6DJR8N-XN	2261	0	0	1000	0	1100
HMA82GS6DJR8N-VK	2262	0	0	0	0	2100
45211	2263	0	0	0	0	0
45210	2264	0	0	0	0	0
KMKYF9-HYA	2265	0	0	950	0	0
CT16G4SFD8213	2266	0	0	2200	0	0
MT8KTF51264HZ-1G6P1	2267	0	0	470	400	0
RMSA3270MB86H9F-2400	2268	0	0	0	500	0
GR1600D364L11/8G	2269	0	0	850	0	0
CT10246BF160B	2270	0	0	0	0	0
AO1P24HC8T1-BQXS	2271	0	0	950	0	0
CT2K16G4SFD8213	2272	0	0	0	0	0
CT8G4SFS832A.8FJ1	2273	0	0	0	0	970
HMA851S6CJR8N-VK	2274	0	0	550	500	0
MT16JSF51264HZ-1G1D1	2275	0	0	500	0	0
CM3X8GSDKIT1066	2276	0	0	520	0	0
CMS04GX3M1A1333C9	2277	0	0	0	380	0
KCP313SS8/4	2278	0	0	500	380	0
MT16JTF51264AZ-1G4D1	2279	0	0	0	400	0
RMR5040ED58E9W-1600	2280	0	0	0	360	0
EBJ21UE8BDS0-AE-F	2281	0	0	0	150	0
NT2GC64B8HC0NS-CG	2282	0	0	0	150	0
RMT1950MD58E8F-1333	2283	0	0	200	0	0
EBJ20UF8BDU0-GN	2284	0	0	0	160	0
CT102464BF1339M.M16FN	2285	0	0	950	0	800
45234	2286	0	0	0	0	0
45232	2287	0	0	0	0	0
45233	2288	0	0	0	0	0
CT51264BA1339	2289	0	0	0	360	0
HP24D4U7S8MBP-8	2290	0	0	0	900	0
KVR21N15S8/8	2291	0	0	1000	0	0
KV-FJ1504A (VGA2004)	2292	0	0	0	0	0
YT-AS VGA/2VGA	2293	0	0	0	0	0
KV-FJ2508S	2294	0	0	0	0	0
YT-S VGA(M)/2VGA(F)-0.2m	2295	2	0	0	0	0
YT-S-HDMI1=>4-3D	2296	0	0	0	0	0
YT-S-HDMI1=>2-4K	2297	8.5	0	0	0	0
164890q50	2298	10.5	0	0	0	0
YT-S-HDMI1=>2	2299	7.5	0	0	0	0
YT-S-HDMI1=>4-4K	2300	10.5	0	0	0	0
YT-S-HDMI1=>8	2301	0	0	0	0	0
GVS122	2302	0	0	0	0	0
CA912476	2303	0	0	0	0	0
F3-10600CL9D-8GBNT	2304	0	0	570.2	800	0
OWC1333DDR3S4GB	2305	0	0	0	400	0
YT-C-mnHDMI(M)/VGA(F)-B	2306	0	0	0	0	0
YT-C-mHDMI(M)/VGA(F)+AUX	2307	0	0	0	0	0
HMA82GS7DJR8N-WM	2308	0	0	0	0	0
BLS16G4S240FSD.16FBD	2309	0	0	0	0	1600
10600CL9S-4GBSQ	2310	0	0	0	400	0
MT16JSS51264HZ-1G1A1	2311	0	425	0	0	0
F3-8500CL7S-4GBSQ	2312	0	425	0	0	0
45252	2313	0	0	0	0	0
R744G2133U1S-U	2314	0	0	0	0	0
R744G2400U1S-U	2315	0	0	0	0	0
R748G2400S2S-U	2316	0	0	0	0	0
R748G2400U2S-U	2317	0	0	0	0	0
R7416G2400S2S-U	2318	0	0	0	0	0
R7416G2400U2S-U	2319	0	0	0	0	0
R744G2606U1S-U	2320	0	0	0	0	0
R744G2606S1S-U	2321	0	0	0	0	0
PSD44G266681S	2322	0	0	0	0	0
LD4AS008G-R2666GSST	2323	0	0	0	0	0
R748G2606S2S-U	2324	0	0	0	0	0
R748G2606U2S-U	2325	0	0	0	0	0
PSD48G266681	2326	0	0	950	0	0
CT16G4DFRA266	2327	0	0	0	0	0
R7416G2606S2S-U	2328	0	0	0	0	0
KVR26N19S8/16	2329	0	0	0	0	0
CT16G4SFRA266	2330	0	0	0	0	0
R7S432G2606U2S	2331	0	0	0	0	0
CT32G4SFD8266	2332	0	0	0	0	0
KVR26N19D8/32	2333	0	0	0	0	0
KVR26S19D8/32	2334	0	0	0	0	0
KVR32S22S6/4	2335	0	0	0	0	0
HX432C16FB3/4	2336	0	0	0	0	0
PSP48G320081H1	2337	0	0	0	0	0
LD4AS008G-R3200GSST	2338	0	0	0	0	0
BL8G32C16S4B	2339	0	0	0	0	0
KVR32S22S8/8	2340	0	0	0	0	0
LD4AU016G-R3200GSST	2341	0	0	0	0	0
KCP432NS8/16	2342	0	0	0	0	0
BL16G32C16S4B	2343	0	0	0	0	0
HX432S20IB2/16	2344	0	0	0	0	0
CT32G4SFD832A	2345	0	0	0	0	0
CT32G4DFD832A	2346	0	0	0	0	0
BL32G32C16S4B	2347	0	0	0	0	0
KVR32N22D8/32	2348	0	0	0	0	0
HMA851U6JJR6N-VK	2349	0	0	0	500	0
MTA4ATF51264AZ-2G6E1	2350	0	0	550	0	0
45259	2351	0	0	0	0	0
45258	2352	0	0	0	0	0
MTA4ATF51264HZ-2G6E1	2353	0	0	550	500	0
RMSA3260ME78HAF-2666	2354	0	0	1100	0	0
ES.08G2T.GFH	2355	0	0	0	0	0
HX424S14IB2/8	2356	0	0	0	0	0
GR2400S464L17/16G	2357	0	0	0	0	0
CT8G4SFRA32A	2358	0	0	0	1200	0
M378A1G43TB1-CTD	2359	0	0	950	990	0
EBJ41UF8BCS0-DJ-F	2360	0	0	500	0	0
F3-1600C9S-8GRSL	2361	0	0	0	0	850
RMT3170ME68F9F-1600	2362	0	0	541	400	0
CMS08GX3M1A1333C9	2363	0	0	0	0	0
M471B5773EB0-CK0	2364	0	0	200	0	160
Samsung M378A1K43BB2-CRC	2365	0	0	900	0	850
HMA81GS6AFR8N-VK	2366	0	0	0	0	1000
10666CL9D-8GBSQ	2367	0	0	0	0	0
HMA81GS6DJR8N-VK	2368	0	0	900	0	1050
NT8GC64B8HB0NS-DI	2369	0	0	0	800	0
45269	2370	0	0	0	0	0
RMUA5110MH78HAF-2666	2371	0	0	0	950	0
EBJ41UF8BDW0-GN	2372	0	0	0	360	0
CT32G4SFD8266.16FB2	2373	0	0	0	0	3500
MT4KTF25664HZ-1G6P1	2374	0	0	0	0	0
MT8JTF25664HZ-1G4M1	2375	0	0	0	150	0
ACR16D3LS1KBGR/4G	2376	0	0	470	0	0
HP687515-H66-MCN	2377	0	0	470	420	0
MT8KTF51264HZ-1G6E2	2378	0	0	0	400	0
RMT3170NE68F9F-1600	2379	0	0	0	0	0
EBJ41UF8BDU0-GN-F	2380	0	0	500	400	0
M471A5244CB0-CWE	2381	0	0	0	550	0
M378A2K43DB1-CTD	2382	0	0	0	2100	0
RMR5030MJ68F9F-1600	2383	0	0	0	360	0
RMR1870EC58E9F-1333	2384	0	0	0	360	0
OWC8566DDR3S4GB	2385	0	0	0	0	0
HMT125S6AFR8C-G7	2386	0	0	0	150	0
MT16KTF1G64HZ-1G6P1	2387	0	0	0	800	0
CT25664BC1067	2388	0	0	200	150	0
HP655410-150-HYCG	2389	0	0	0	360	0
TSB16D3LS1KBG/4G	2390	0	0	0	0	0
CCAP-202-1.5M	2391	0	0	0	0	0
CCAP-202-2.5M	2392	0	0	0	0	0
ACR16D3LU1KNG/8G	2393	0	0	0	850	0
RMUA5110MB78HAF-2400	2394	0	0	0	900	0
MTA4ATF1G64HZ-3G2E1	2395	0	0	1100	0	0
MTA8ATF1G64HZ-3G2E1	2396	0	0	1100	0	0
CMSO16GX3M2A1333C9	2397	0	0	0	0	0
TED34G1600C11BK	2398	0	0	0	0	0
RMR5030ED58E8W-1600	2399	0	0	0	150	0
FLFE85F-C8KL9	2400	0	0	0	0	0
MT4JTF25664AZ-1G6E1	2401	0	0	0	150	0
JBLT110BLK	2402	0	0	0	0	0
981-000100	2403	0	0	0	0	0
RP-HJE125E-K	2404	0	0	0	0	0
AP-860MV	2405	0	0	0	0	0
EPM040GM	2406	0	0	0	0	0
EPM030G	2407	0	0	0	0	0
EPM050B	2408	0	0	0	0	0
EPM045GB	2409	0	0	0	0	0
981-000271	2410	0	0	0	0	0
10600CL9S-4GBNT	2411	0	0	470	0	0
MTA8ATF51264HZ-2G1A2	2412	0	0	0	450	0
RMSA3270ME86H9F-2666	2413	0	0	0	500	0
LV102464Z11D316813	2414	0	0	0	850	0
KVR1333D3N9K2/8G	2415	0	0	0	800	800
VCPDCM1BK	2416	0	0	0	0	0
VCPDCMFTPE1BK	2417	0	0	0	0	0
VCPDCMBN21BK	2418	0	0	0	0	0
VCPDCTCNB21BR	2419	0	0	0	0	0
VCPDCTCLED1BK	2420	0	0	0	0	0
VCPUSB3AMAF1.8B	2421	0	0	0	0	0
VCPDCOTGTCBK	2422	0	0	0	0	0
USBAMmicro01-1.8	2423	0	0	0	0	0
VCPDCTCNB31B	2424	0	0	0	0	0
M471A1G44AB0-CWE	2425	0	0	1250	0	1100
RMSA3260MD78HAF-2666	2426	0	0	950	0	0
AO1P24HC8T1-BPGS	2427	0	0	950	0	0
ACR24D4S7S1MB	2428	0	0	0	500	0
TSB1600D3S1ELD/4GE	2429	0	0	0	400	0
TSB16D3LS1KFG/4G	2430	0	0	470	0	0
KTD-XPS730B/4G	2431	0	0	0	360	0
910-003357	2432	0	0	0	0	0
910-001794	2433	0	0	0	0	0
910-004798	2434	0	0	0	0	0
910-002238	2435	0	0	0	0	0
MS201BK	2436	0	0	0	0	0
31010116100	2437	0	0	0	0	0
MSW-907 black	2438	0	0	0	0	0
MS-796 black	2439	0	0	0	0	0
MSG-201 Black	2440	0	0	0	0	0
MSW-907 black - blue	2441	0	0	0	0	0
RZ01-02540100-R3M1	2442	0	0	0	0	0
X-710BK black	2443	0	0	0	0	0
KTL-TP3C/8G	2444	0	0	850	800	0
EBJ40UG8EFU5-GNL	2445	0	0	0	400	0
M378B5773SB0-CK0	2446	0	0	0	150	0
M471A2K43DB1-CWE	2447	0	0	0	2600	1800
KWTHG4-MIE	2448	0	0	0	2600	0
HMA82GS6DJR8N-XN	2449	0	0	2400	0	0
RMSA3260NA78HAF-2666	2450	0	0	0	0	0
HP26D4S9S8ME	2451	0	0	0	990	0
KTA-MB1066/4G	2452	0	0	470	0	0
KVR16N11S8/8	2453	0	0	0	0	0
HMT351U6AFR8C-H9	2454	0	0	0	360	0
VCPWCH2USB2ABK	2455	0	0	0	0	0
VCPWCH2USB2ACMBK	2456	0	0	0	0	0
VCPWCHQC3	2457	0	0	0	0	0
VCCAABK	2458	0	0	0	0	0
CH-03B	2459	0	0	0	0	0
VWCQAW	2460	0	0	0	0	0
102464Z8D3N16813	2461	0	0	0	850	0
0169100MF	2462	0	0	0	0	0
0169108EA	2463	0	0	0	0	0
MRS-PC-113D	2464	0	0	0	0	0
0169120E	2465	0	0	0	0	0
MT16KTF1G64HZ-1G9P1	2466	0	0	0	900	0
45342	2467	0	0	0	0	0
45341	2468	0	0	0	0	0
45340	2469	0	0	0	0	0
CT51264BD160BJ	2470	0	0	0	360	0
CT51264BC1067	2471	0	0	470	400	0
K821PJ-MID	2472	0	0	0	2200	0
64DOJKHHJ	2473	0	0	0	850	0
WD3200AAJS	2474	0	250	0	0	0
WD5000AVDS	2475	0	0	0	0	0
WD3200BUCT	2476	0	400	0	0	0
ST500VT000	2477	0	525	0	0	0
ST33000651NS	2478	0	2250	0	0	0
RMT3160MP68FAF-1600	2479	0	0	0	850	0
AD3U1600W8G11	2480	0	0	0	0	0
# WD5000LUCT-FR#	2481	0	0	0	0	0
HDWK105UZSVA	2482	0	0	0	0	0
# MQ01ABD050V #	2483	0	0	0	0	0
WD20SPZX	2484	0	0	0	0	0
HMA82GS6CJR8N-UH	2485	0	0	0	0	0
K821PJ-MIH	2486	0	0	0	2200	0
KX830D-ELC	2487	0	0	0	0	0
AD3LHT4GE5WB-CKGAC	2488	0	0	0	360	0
HMAA1GS6CJR6N-XN	2489	0	0	0	0	1080
HMA851U6CJR6N-VK	2490	0	0	0	500	0
HP698651-154	2491	0	0	0	850	0
K66GKY-ETF	2492	0	0	0	850	0
KM0VW4-MID	2493	0	0	0	900	0
SD4U16N24-SE	2494	0	0	0	2000	0
HMA82GU6CJR8N-VK	2495	0	0	0	2100	0
CT51264BC1339	2496	0	0	0	400	0
MT16KTF51264HZ-1G4M1	2497	0	0	0	0	0
4GN612R08DS	2498	0	0	0	400	0
AD3LSS4GE1WB-CKGQ	2499	0	0	0	360	0
KTD-L3B/4G	2500	0	0	0	400	0
GR3200S464L22/16G	2501	0	0	0	0	1500
LD4AS016G-H3200GN Lexar	2502	0	0	0	0	0
GR2666S464L19/16G	2503	0	0	0	0	1650
HMAA2GS6CJR8N-XN	2504	0	0	0	0	2000
GR2666D464L19S/8G	2505	0	0	0	0	0
LD4AU008G-B2666GSSC	2506	0	0	0	0	0
KVR26N19S6/8	2507	0	0	0	0	0
IR-X3200D464L16SA/8G	2508	0	0	0	0	0
KVR32N22S8/8	2509	0	0	0	0	0
ED4163216C	2510	0	0	0	0	0
KVR32N22D8/16	2511	0	0	0	0	0
JS300SSD240GB	2512	0	0	0	0	0
JS600SSD256GB	2513	0	0	0	0	0
SSDPR-CL100-480-G3	2514	0	0	0	0	0
SA2000M8/500G	2515	0	0	0	0	0
JS600SSD1TB	2516	0	0	0	0	0
SNVS/1000G	2517	0	0	0	0	0
AP1TBAS350-1	2518	0	0	0	0	0
R5SL960G	2519	0	0	0	0	0
SNVS/2000G	2520	0	0	0	0	0
TS2TSSD220Q	2521	0	0	0	0	0
MZ-77Q2T0BW	2522	0	0	0	0	0
45413	2523	0	0	0	0	0
45414	2524	0	0	0	0	0
HX426C16FB2/8	2525	0	0	0	0	0
MTA4ATF1G64HZ-3G2E2	2526	0	0	0	0	1100
MTA8ATF2G64HZ-3G2E2	2527	0	0	0	0	2000
HX432S20IB2K2/32	2528	0	0	0	0	4300
HP691160-H66	2529	0	0	0	850	0
KTH-X3B/4G	2530	0	0	0	400	0
AD73I1C1674EV	2531	0	0	0	0	0
WMBA1204G	2532	0	0	0	400	0
KP4T2F-PSB	2533	0	0	0	360	0
MSI24D4S7D8MH-16	2534	0	0	0	2200	0
K821PJ-HYA	2535	0	0	0	2200	0
M378A2K43CB1-CTD	2536	0	0	0	2100	0
M378A2K43BB1-CRC	2537	0	0	0	2000	0
HMA82GU6AFR8N-UH	2538	0	0	0	2000	1500
45440	2539	0	0	0	0	0
45428	2540	0	0	0	0	0
M471A2K43EB1-CTD	2541	0	0	0	0	1950
YT-C-HDMI(M)/VGA(F)-W	2542	0	0	0	0	0
YT-C-HDMI(M)/VGA(F)+AUX-W	2543	2.6	0	0	0	0
KTL-TP3C/4G	2544	0	0	0	400	0
MT8KTF51264HZ-1G9P1	2545	0	0	0	400	0
JM2666HLB-8G	2546	0	900	0	0	0
SP002GBLTU133V02	2547	0	0	0	150	0
HP536726-H41-ELCUW	2548	0	0	0	0	0
ACR26D4S9S8ME	2549	0	0	0	0	0
PV316G160LC9SK	2550	0	0	0	0	1500
KVR32S22D8/16	2551	0	0	0	0	1750
M471A2G43AB2-CWE	2552	0	0	0	0	1950
HMAA2GS6AJR8N-XN	2553	0	0	0	0	2000